File,# of Commits,"corr(LOC, IntraCD)","corr(LOC, InterCD)","corr(LLOC, IntraCD)","corr(LLOC, InterCD)","corr(Entities, IntraCD)","corr(Entities, InterCD)"
activemq-client/src/main/java/org/apache/activemq/ActiveMQConnection.java,193,0.751,-0.829,0.751,-0.829,0.817,-0.887
activemq-client/src/main/java/org/apache/activemq/ActiveMQConnectionConsumer.java,18,0.714,0.714,0.714,0.714,0.765,0.765
activemq-client/src/main/java/org/apache/activemq/ActiveMQConnectionFactory.java,103,0.767,0.767,0.767,0.767,0.714,0.714
activemq-client/src/main/java/org/apache/activemq/ActiveMQConnectionMetaData.java,17,0.973,0.973,0.973,0.973,0.99,0.99
activemq-client/src/main/java/org/apache/activemq/ActiveMQMessageConsumer.java,179,0.9,-0.827,0.9,-0.827,0.897,-0.821
activemq-client/src/main/java/org/apache/activemq/ActiveMQMessageProducer.java,34,-0.422,-0.422,-0.422,-0.422,-0.315,-0.315
activemq-client/src/main/java/org/apache/activemq/ActiveMQMessageTransformation.java,21,0.769,0.769,0.769,0.769,0.981,0.981
activemq-client/src/main/java/org/apache/activemq/ActiveMQPrefetchPolicy.java,20,0.928,0.928,0.928,0.928,0.965,0.965
activemq-client/src/main/java/org/apache/activemq/ActiveMQQueueBrowser.java,24,-0.389,-0.389,-0.389,-0.389,0.441,0.441
activemq-client/src/main/java/org/apache/activemq/ActiveMQQueueReceiver.java,14,0.52,0.52,0.52,0.52,nan,nan
activemq-client/src/main/java/org/apache/activemq/ActiveMQQueueSender.java,10,-0.99,-0.99,-0.99,-0.99,nan,nan
activemq-client/src/main/java/org/apache/activemq/ActiveMQQueueSession.java,15,0.601,0.601,0.601,0.601,0.426,0.426
activemq-client/src/main/java/org/apache/activemq/ActiveMQSession.java,121,0.974,-0.413,0.974,-0.413,0.923,-0.533
activemq-client/src/main/java/org/apache/activemq/ActiveMQSessionExecutor.java,31,0.531,0.531,0.531,0.531,0.773,0.773
activemq-client/src/main/java/org/apache/activemq/ActiveMQTopicPublisher.java,10,-0.783,-0.783,-0.783,-0.783,nan,nan
activemq-client/src/main/java/org/apache/activemq/ActiveMQTopicSession.java,14,0.441,0.441,0.441,0.441,0.948,0.948
activemq-client/src/main/java/org/apache/activemq/ActiveMQTopicSubscriber.java,12,-0.194,-0.194,-0.194,-0.194,nan,nan
activemq-client/src/main/java/org/apache/activemq/ActiveMQXAConnection.java,17,0.891,0.891,0.891,0.891,0.981,0.981
activemq-client/src/main/java/org/apache/activemq/ActiveMQXASession.java,15,0.777,-0.877,0.777,-0.877,0.959,-0.625
activemq-client/src/main/java/org/apache/activemq/AdvisoryConsumer.java,18,0.923,0.923,0.923,0.923,0.959,0.959
activemq-client/src/main/java/org/apache/activemq/AlreadyClosedException.java,9,nan,nan,nan,nan,nan,nan
activemq-client/src/main/java/org/apache/activemq/ConfigurationException.java,9,nan,nan,nan,nan,nan,nan
activemq-client/src/main/java/org/apache/activemq/ConnectionClosedException.java,9,nan,nan,nan,nan,nan,nan
activemq-client/src/main/java/org/apache/activemq/ConnectionFailedException.java,13,0.951,0.951,0.951,0.951,0.995,0.995
activemq-client/src/main/java/org/apache/activemq/LocalTransactionEventListener.java,10,-0.383,-0.383,-0.383,-0.383,nan,nan
activemq-client/src/main/java/org/apache/activemq/MessageAvailableConsumer.java,9,0.378,0.378,0.378,0.378,nan,nan
activemq-client/src/main/java/org/apache/activemq/MessageDispatchChannel.java,12,0.981,0.981,0.981,0.981,0.976,0.976
activemq-client/src/main/java/org/apache/activemq/NotStartedException.java,9,nan,nan,nan,nan,nan,nan
activemq-client/src/main/java/org/apache/activemq/Service.java,9,0.354,0.354,0.354,0.354,nan,nan
activemq-client/src/main/java/org/apache/activemq/TransactionContext.java,61,0.937,0.937,0.937,0.937,0.969,0.969
activemq-broker/src/main/java/org/apache/activemq/advisory/AdvisoryBroker.java,97,0.805,-0.683,0.805,-0.683,0.819,-0.655
activemq-client/src/main/java/org/apache/activemq/advisory/AdvisorySupport.java,41,0.965,0.965,0.965,0.965,0.978,0.978
activemq-broker/src/main/java/org/apache/activemq/broker/Broker.java,49,0.853,0.853,0.853,0.853,0.863,0.863
activemq-broker/src/main/java/org/apache/activemq/broker/BrokerFactory.java,20,0.628,0.628,0.628,0.628,0.823,0.823
activemq-broker/src/main/java/org/apache/activemq/broker/BrokerFilter.java,54,-0.101,-0.101,-0.101,-0.101,0.146,0.146
activemq-broker/src/main/java/org/apache/activemq/broker/BrokerRegistry.java,19,0.812,0.812,0.812,0.812,0.848,0.848
activemq-broker/src/main/java/org/apache/activemq/broker/BrokerService.java,355,0.962,-0.421,0.962,-0.421,0.945,-0.473
activemq-broker/src/main/java/org/apache/activemq/broker/CompositeDestinationBroker.java,13,0.693,0.693,0.693,0.693,nan,nan
activemq-broker/src/main/java/org/apache/activemq/broker/Connection.java,22,0.922,0.922,0.922,0.922,0.873,0.873
activemq-broker/src/main/java/org/apache/activemq/broker/ConnectionContext.java,32,0.28,0.28,0.28,0.28,0.296,0.296
activemq-broker/src/main/java/org/apache/activemq/broker/Connector.java,17,0.945,0.945,0.945,0.945,0.938,0.938
activemq-broker/src/main/java/org/apache/activemq/broker/ErrorBroker.java,52,-0.811,-0.811,-0.811,-0.811,-0.702,-0.702
activemq-console/src/main/java/org/apache/activemq/console/Main.java,45,0.9,0.9,0.9,0.9,0.93,0.93
activemq-broker/src/main/java/org/apache/activemq/broker/MutableBrokerFilter.java,51,-0.385,-0.385,-0.385,-0.385,-0.185,-0.185
activemq-broker/src/main/java/org/apache/activemq/broker/TransactionBroker.java,39,0.962,0.508,0.962,0.508,0.986,0.536
activemq-broker/src/main/java/org/apache/activemq/broker/TransportConnection.java,182,0.91,0.467,0.91,0.467,0.943,0.521
activemq-broker/src/main/java/org/apache/activemq/broker/TransportConnector.java,100,0.837,0.72,0.837,0.72,0.887,0.678
activemq-broker/src/main/java/org/apache/activemq/broker/TransportStatusDetector.java,19,-0.691,-0.691,-0.691,-0.691,nan,nan
activemq-broker/src/main/java/org/apache/activemq/broker/UserIDBroker.java,12,0.866,0.866,0.866,0.866,0.883,0.883
activemq-broker/src/main/java/org/apache/activemq/broker/jmx/BrokerView.java,72,0.252,0.252,0.252,0.252,0.205,0.205
activemq-broker/src/main/java/org/apache/activemq/broker/jmx/BrokerViewMBean.java,52,-0.662,-0.662,-0.662,-0.662,-0.635,-0.635
activemq-broker/src/main/java/org/apache/activemq/broker/jmx/ConnectionView.java,25,0.908,0.908,0.908,0.908,0.881,0.881
activemq-broker/src/main/java/org/apache/activemq/broker/jmx/ConnectionViewMBean.java,24,-0.373,-0.373,-0.373,-0.373,-0.238,-0.238
activemq-broker/src/main/java/org/apache/activemq/broker/jmx/ConnectorView.java,19,0.298,0.298,0.298,0.298,0.673,0.673
activemq-broker/src/main/java/org/apache/activemq/broker/jmx/ConnectorViewMBean.java,20,0.081,0.081,0.081,0.081,0.596,0.596
activemq-broker/src/main/java/org/apache/activemq/broker/jmx/TopicView.java,7,-0.758,-0.758,-0.758,-0.758,-1.0,-1.0
activemq-broker/src/main/java/org/apache/activemq/broker/jmx/TopicViewMBean.java,8,-0.007,-0.007,-0.007,-0.007,0.98,0.98
activemq-broker/src/main/java/org/apache/activemq/broker/jmx/ManagedQueueRegion.java,18,0.394,0.394,0.394,0.394,0.328,0.328
activemq-broker/src/main/java/org/apache/activemq/broker/jmx/ManagedRegionBroker.java,91,0.486,-0.463,0.486,-0.463,0.397,-0.387
activemq-broker/src/main/java/org/apache/activemq/broker/jmx/ManagedTempQueueRegion.java,20,0.493,0.493,0.493,0.493,0.341,0.341
activemq-broker/src/main/java/org/apache/activemq/broker/jmx/ManagedTempTopicRegion.java,16,0.641,0.641,0.641,0.641,0.697,0.697
activemq-broker/src/main/java/org/apache/activemq/broker/jmx/ManagedTopicRegion.java,18,0.351,0.351,0.351,0.351,0.403,0.403
activemq-broker/src/main/java/org/apache/activemq/broker/jmx/ManagedTransportConnection.java,38,0.038,0.038,0.038,0.038,-0.305,-0.305
activemq-broker/src/main/java/org/apache/activemq/broker/jmx/ManagedTransportConnector.java,18,0.671,0.671,0.671,0.671,-0.141,-0.141
activemq-broker/src/main/java/org/apache/activemq/broker/jmx/ManagementContext.java,62,0.92,0.04,0.92,0.04,0.945,0.066
activemq-broker/src/main/java/org/apache/activemq/broker/jmx/NetworkConnectorView.java,15,0.262,0.262,0.262,0.262,0.351,0.351
activemq-broker/src/main/java/org/apache/activemq/broker/jmx/NetworkConnectorViewMBean.java,10,0.617,0.617,0.617,0.617,0.755,0.755
activemq-broker/src/main/java/org/apache/activemq/broker/jmx/ProxyConnectorView.java,7,nan,nan,nan,nan,nan,nan
activemq-broker/src/main/java/org/apache/activemq/broker/region/AbstractRegion.java,101,0.292,0.292,0.292,0.292,0.397,0.397
activemq-broker/src/main/java/org/apache/activemq/broker/region/AbstractSubscription.java,52,0.838,0.838,0.838,0.838,0.857,0.857
activemq-broker/src/main/java/org/apache/activemq/broker/region/Destination.java,61,0.722,0.722,0.722,0.722,0.722,0.722
activemq-broker/src/main/java/org/apache/activemq/broker/region/DestinationStatistics.java,28,0.821,0.821,0.821,0.821,0.821,0.821
activemq-broker/src/main/java/org/apache/activemq/broker/region/DurableTopicSubscription.java,114,0.745,-0.329,0.745,-0.329,0.853,-0.422
activemq-broker/src/main/java/org/apache/activemq/broker/region/IndirectMessageReference.java,28,0.83,0.83,0.83,0.83,0.927,0.927
activemq-client/src/main/java/org/apache/activemq/broker/region/MessageReference.java,17,-0.811,-0.811,-0.811,-0.811,-0.823,-0.823
activemq-broker/src/main/java/org/apache/activemq/broker/region/PrefetchSubscription.java,196,0.849,-0.9,0.849,-0.9,0.816,-0.861
activemq-broker/src/main/java/org/apache/activemq/broker/region/Queue.java,381,0.804,-0.443,0.804,-0.443,0.802,-0.425
activemq-broker/src/main/java/org/apache/activemq/broker/region/QueueBrowserSubscription.java,31,0.228,0.228,0.228,0.228,0.093,0.093
activemq-broker/src/main/java/org/apache/activemq/broker/region/QueueRegion.java,24,0.608,0.608,0.608,0.608,0.295,0.295
activemq-broker/src/main/java/org/apache/activemq/broker/region/QueueSubscription.java,53,0.39,-0.627,0.39,-0.627,-0.112,-0.144
activemq-broker/src/main/java/org/apache/activemq/broker/region/Region.java,27,0.946,0.946,0.946,0.946,0.954,0.954
activemq-broker/src/main/java/org/apache/activemq/broker/region/RegionBroker.java,162,-0.157,-0.472,-0.157,-0.472,-0.1,-0.456
activemq-broker/src/main/java/org/apache/activemq/broker/region/Subscription.java,45,-0.345,-0.345,-0.345,-0.345,-0.394,-0.394
activemq-broker/src/main/java/org/apache/activemq/broker/region/TempQueueRegion.java,31,0.299,0.299,0.299,0.299,0.464,0.464
activemq-broker/src/main/java/org/apache/activemq/broker/region/TempTopicRegion.java,27,0.799,0.799,0.799,0.799,0.803,0.803
activemq-broker/src/main/java/org/apache/activemq/broker/region/Topic.java,180,0.915,-0.657,0.915,-0.657,0.604,-0.163
activemq-broker/src/main/java/org/apache/activemq/broker/region/TopicRegion.java,71,0.873,0.873,0.873,0.873,0.876,0.876
activemq-broker/src/main/java/org/apache/activemq/broker/region/TopicSubscription.java,115,0.971,-0.715,0.971,-0.715,0.973,-0.639
activemq-broker/src/main/java/org/apache/activemq/broker/region/policy/FixedSizedSubscriptionRecoveryPolicy.java,17,0.436,0.436,0.436,0.436,0.976,0.976
activemq-broker/src/main/java/org/apache/activemq/broker/region/policy/LastImageSubscriptionRecoveryPolicy.java,18,0.609,0.609,0.609,0.609,0.943,0.943
activemq-broker/src/main/java/org/apache/activemq/broker/region/policy/NoSubscriptionRecoveryPolicy.java,17,0.955,0.955,0.955,0.955,0.938,0.938
activemq-broker/src/main/java/org/apache/activemq/broker/region/policy/PolicyEntry.java,105,0.772,0.772,0.772,0.772,0.766,0.766
activemq-broker/src/main/java/org/apache/activemq/broker/region/policy/PolicyMap.java,11,0.624,0.624,0.624,0.624,nan,nan
activemq-broker/src/main/java/org/apache/activemq/broker/region/policy/RoundRobinDispatchPolicy.java,20,0.866,0.866,0.866,0.866,nan,nan
activemq-broker/src/main/java/org/apache/activemq/broker/region/policy/StrictOrderDispatchPolicy.java,6,0.632,0.632,0.632,0.632,nan,nan
activemq-broker/src/main/java/org/apache/activemq/broker/region/policy/SubscriptionRecoveryPolicy.java,16,0.987,0.987,0.987,0.987,0.967,0.967
activemq-broker/src/main/java/org/apache/activemq/broker/region/policy/TimedSubscriptionRecoveryPolicy.java,18,0.763,0.814,0.763,0.814,0.734,0.865
activemq-client/src/main/java/org/apache/activemq/command/ActiveMQBytesMessage.java,33,-0.557,0.878,-0.557,0.878,0.001,0.51
activemq-client/src/main/java/org/apache/activemq/command/ActiveMQDestination.java,35,0.898,0.898,0.898,0.898,0.92,0.92
activemq-client/src/main/java/org/apache/activemq/command/ActiveMQMapMessage.java,32,0.947,0.947,0.947,0.947,0.951,0.951
activemq-client/src/main/java/org/apache/activemq/command/ActiveMQMessage.java,52,0.729,0.729,0.729,0.729,0.826,0.826
activemq-client/src/main/java/org/apache/activemq/command/ActiveMQObjectMessage.java,29,0.286,0.88,0.286,0.88,0.296,0.919
activemq-client/src/main/java/org/apache/activemq/command/ActiveMQQueue.java,13,-0.7,-0.7,-0.7,-0.7,nan,nan
activemq-client/src/main/java/org/apache/activemq/command/ActiveMQStreamMessage.java,26,0.566,0.566,0.566,0.566,0.993,0.993
activemq-client/src/main/java/org/apache/activemq/command/ActiveMQTempDestination.java,15,-0.688,-0.688,-0.688,-0.688,-0.728,-0.728
activemq-client/src/main/java/org/apache/activemq/command/ActiveMQTempQueue.java,13,0.58,0.58,0.58,0.58,nan,nan
activemq-client/src/main/java/org/apache/activemq/command/ActiveMQTempTopic.java,14,0.57,0.57,0.57,0.57,nan,nan
activemq-client/src/main/java/org/apache/activemq/command/ActiveMQTextMessage.java,37,0.488,0.488,0.488,0.488,0.431,0.431
activemq-client/src/main/java/org/apache/activemq/command/ActiveMQTopic.java,12,-0.28,-0.28,-0.28,-0.28,nan,nan
activemq-client/src/main/java/org/apache/activemq/command/BaseCommand.java,21,0.483,0.483,0.483,0.483,-0.071,-0.071
activemq-client/src/main/java/org/apache/activemq/command/BrokerId.java,12,0.095,0.095,0.095,0.095,nan,nan
activemq-client/src/main/java/org/apache/activemq/command/BrokerInfo.java,24,0.813,0.813,0.813,0.813,0.808,0.808
activemq-client/src/main/java/org/apache/activemq/command/Command.java,18,0.531,0.531,0.531,0.531,0.654,0.654
activemq-client/src/main/java/org/apache/activemq/command/ConnectionId.java,13,0.626,0.626,0.626,0.626,0.658,0.658
activemq-client/src/main/java/org/apache/activemq/command/ConnectionInfo.java,23,-0.397,-0.397,-0.397,-0.397,-0.377,-0.377
activemq-client/src/main/java/org/apache/activemq/command/ConsumerId.java,13,0.262,0.262,0.262,0.262,0.329,0.329
activemq-client/src/main/java/org/apache/activemq/command/ConsumerInfo.java,35,0.815,0.815,0.815,0.815,0.808,0.808
activemq-client/src/main/java/org/apache/activemq/command/ControlCommand.java,12,0.919,0.919,0.919,0.919,nan,nan
activemq-client/src/main/java/org/apache/activemq/command/DataArrayResponse.java,11,-0.719,-0.719,-0.719,-0.719,nan,nan
activemq-client/src/main/java/org/apache/activemq/command/DataResponse.java,12,-0.812,-0.812,-0.812,-0.812,nan,nan
activemq-client/src/main/java/org/apache/activemq/command/DataStructure.java,8,nan,nan,nan,nan,nan,nan
activemq-client/src/main/java/org/apache/activemq/command/DestinationInfo.java,12,-0.881,-0.881,-0.881,-0.881,-0.823,-0.823
activemq-client/src/main/java/org/apache/activemq/command/DiscoveryEvent.java,15,0.931,0.931,0.931,0.931,0.956,0.956
activemq-client/src/main/java/org/apache/activemq/command/ExceptionResponse.java,11,0.404,0.404,0.404,0.404,nan,nan
activemq-client/src/main/java/org/apache/activemq/command/FlushCommand.java,10,0.731,0.731,0.731,0.731,nan,nan
activemq-client/src/main/java/org/apache/activemq/command/IntegerResponse.java,11,-0.404,-0.404,-0.404,-0.404,nan,nan
activemq-client/src/main/java/org/apache/activemq/command/JournalQueueAck.java,12,-0.445,-0.445,-0.445,-0.445,-0.89,-0.89
activemq-client/src/main/java/org/apache/activemq/command/JournalTopicAck.java,12,0.361,0.361,0.361,0.361,0.025,0.025
activemq-client/src/main/java/org/apache/activemq/command/JournalTrace.java,13,0.907,0.907,0.907,0.907,0.864,0.864
activemq-client/src/main/java/org/apache/activemq/command/JournalTransaction.java,12,-0.674,-0.674,-0.674,-0.674,-0.727,-0.727
activemq-client/src/main/java/org/apache/activemq/command/KeepAliveInfo.java,18,0.915,0.915,0.915,0.915,0.869,0.869
activemq-client/src/main/java/org/apache/activemq/command/LocalTransactionId.java,13,0.72,0.72,0.72,0.72,0.719,0.719
activemq-client/src/main/java/org/apache/activemq/command/MarshallAware.java,12,0.816,0.816,0.816,0.816,1.0,1.0
activemq-client/src/main/java/org/apache/activemq/command/Message.java,64,0.91,-0.812,0.91,-0.812,0.906,-0.811
activemq-client/src/main/java/org/apache/activemq/command/MessageAck.java,19,0.795,0.795,0.795,0.795,0.826,0.826
activemq-client/src/main/java/org/apache/activemq/command/MessageDispatch.java,17,-0.372,-0.372,-0.372,-0.372,-0.261,-0.261
activemq-client/src/main/java/org/apache/activemq/command/MessageId.java,27,0.972,0.972,0.972,0.972,0.977,0.977
activemq-client/src/main/java/org/apache/activemq/command/ProducerId.java,13,0.619,0.619,0.619,0.619,nan,nan
activemq-client/src/main/java/org/apache/activemq/command/ProducerInfo.java,16,0.944,0.944,0.944,0.944,0.946,0.946
activemq-client/src/main/java/org/apache/activemq/RedeliveryPolicy.java,26,0.69,0.69,0.69,0.69,0.641,0.641
activemq-client/src/main/java/org/apache/activemq/command/RemoveInfo.java,15,0.526,0.526,0.526,0.526,0.763,0.763
activemq-client/src/main/java/org/apache/activemq/command/RemoveSubscriptionInfo.java,15,-0.96,-0.96,-0.96,-0.96,-0.999,-0.999
activemq-client/src/main/java/org/apache/activemq/command/Response.java,13,0.26,0.26,0.26,0.26,nan,nan
activemq-client/src/main/java/org/apache/activemq/command/SessionId.java,13,0.52,0.52,0.52,0.52,nan,nan
activemq-client/src/main/java/org/apache/activemq/command/SessionInfo.java,12,-0.437,-0.437,-0.437,-0.437,nan,nan
activemq-client/src/main/java/org/apache/activemq/command/ShutdownInfo.java,13,-0.048,-0.048,-0.048,-0.048,-0.342,-0.342
activemq-client/src/main/java/org/apache/activemq/command/SubscriptionInfo.java,18,-0.69,-0.69,-0.69,-0.69,-0.637,-0.637
activemq-client/src/main/java/org/apache/activemq/command/TransactionId.java,10,0.383,0.383,0.383,0.383,nan,nan
activemq-client/src/main/java/org/apache/activemq/command/TransactionInfo.java,12,-0.803,-0.803,-0.803,-0.803,nan,nan
activemq-client/src/main/java/org/apache/activemq/command/WireFormatInfo.java,38,0.864,0.864,0.864,0.864,0.887,0.887
activemq-client/src/main/java/org/apache/activemq/command/XATransactionId.java,18,0.969,0.969,0.969,0.969,0.969,0.969
activemq-client/src/main/java/org/apache/activemq/filter/ArithmeticExpression.java,14,0.624,0.853,0.624,0.853,nan,nan
activemq-client/src/main/java/org/apache/activemq/filter/BinaryExpression.java,10,-0.383,-0.383,-0.383,-0.383,nan,nan
activemq-client/src/main/java/org/apache/activemq/filter/ComparisonExpression.java,22,0.839,0.806,0.839,0.806,0.892,0.894
activemq-client/src/main/java/org/apache/activemq/filter/CompositeDestinationFilter.java,11,-0.964,-0.964,-0.964,-0.964,nan,nan
activemq-client/src/main/java/org/apache/activemq/filter/ConstantExpression.java,17,-0.289,0.052,-0.289,0.052,nan,nan
activemq-client/src/main/java/org/apache/activemq/filter/DestinationFilter.java,15,0.846,0.846,0.846,0.846,0.547,0.547
activemq-client/src/main/java/org/apache/activemq/filter/DestinationMap.java,26,-0.289,-0.289,-0.289,-0.289,-0.441,-0.441
activemq-client/src/main/java/org/apache/activemq/filter/DestinationMapEntry.java,16,0.701,0.701,0.701,0.701,0.699,0.699
activemq-client/src/main/java/org/apache/activemq/filter/DestinationMapNode.java,24,0.74,0.74,0.74,0.74,0.892,0.892
activemq-client/src/main/java/org/apache/activemq/filter/DestinationPath.java,12,0.758,0.758,0.758,0.758,1.0,1.0
activemq-broker/src/main/java/org/apache/activemq/filter/JAXPXPathEvaluator.java,17,0.813,0.813,0.813,0.813,0.804,0.804
activemq-client/src/main/java/org/apache/activemq/filter/LogicExpression.java,17,0.914,0.999,0.914,0.999,0.902,0.996
activemq-client/src/main/java/org/apache/activemq/filter/MessageEvaluationContext.java,11,-0.648,-0.648,-0.648,-0.648,-0.928,-0.928
activemq-client/src/main/java/org/apache/activemq/filter/MultiExpressionEvaluator.java,12,0.276,0.533,0.276,0.533,nan,nan
activemq-client/src/main/java/org/apache/activemq/filter/NoLocalExpression.java,10,0.57,0.57,0.57,0.57,nan,nan
activemq-client/src/main/java/org/apache/activemq/filter/PrefixDestinationFilter.java,14,0.763,0.763,0.763,0.763,0.962,0.962
activemq-client/src/main/java/org/apache/activemq/filter/PropertyExpression.java,23,0.747,0.88,0.747,0.88,0.719,0.706
activemq-client/src/main/java/org/apache/activemq/filter/SimpleDestinationFilter.java,9,nan,nan,nan,nan,nan,nan
activemq-client/src/main/java/org/apache/activemq/filter/UnaryExpression.java,15,-0.418,0.908,-0.418,0.908,-0.362,0.92
activemq-client/src/main/java/org/apache/activemq/filter/WildcardDestinationFilter.java,11,0.907,0.907,0.907,0.907,1.0,1.0
activemq-client/src/main/java/org/apache/activemq/filter/XPathExpression.java,17,0.995,0.995,0.995,0.995,0.995,0.995
activemq-client/src/main/java/org/apache/activemq/filter/XQueryExpression.java,10,-0.395,-0.395,-0.395,-0.395,nan,nan
activemq-client/src/main/java/org/apache/activemq/jndi/ActiveMQInitialContextFactory.java,20,0.711,0.629,0.711,0.629,0.878,0.744
activemq-client/src/main/java/org/apache/activemq/jndi/LazyCreateContext.java,10,0.779,0.779,0.779,0.779,nan,nan
activemq-client/src/main/java/org/apache/activemq/jndi/ReadOnlyContext.java,17,0.75,0.643,0.75,0.643,0.976,0.94
activemq-client/src/main/java/org/apache/activemq/management/BoundaryStatisticImpl.java,9,nan,nan,nan,nan,nan,nan
activemq-client/src/main/java/org/apache/activemq/management/BoundedRangeStatisticImpl.java,9,nan,nan,nan,nan,nan,nan
activemq-client/src/main/java/org/apache/activemq/management/CountStatisticImpl.java,17,0.043,0.043,0.043,0.043,nan,nan
activemq-client/src/main/java/org/apache/activemq/management/JCAConnectionPoolStatsImpl.java,10,-0.179,-0.179,-0.179,-0.179,nan,nan
activemq-client/src/main/java/org/apache/activemq/management/JCAConnectionStatsImpl.java,10,-0.156,-0.156,-0.156,-0.156,nan,nan
activemq-client/src/main/java/org/apache/activemq/management/JCAStatsImpl.java,9,nan,nan,nan,nan,nan,nan
activemq-client/src/main/java/org/apache/activemq/management/JMSConnectionStatsImpl.java,13,-0.979,-0.979,-0.979,-0.979,-0.998,-0.998
activemq-client/src/main/java/org/apache/activemq/management/JMSConsumerStatsImpl.java,9,-0.316,-0.316,-0.316,-0.316,nan,nan
activemq-client/src/main/java/org/apache/activemq/management/JMSEndpointStatsImpl.java,14,0.729,0.729,0.729,0.729,0.662,0.662
activemq-client/src/main/java/org/apache/activemq/management/JMSProducerStatsImpl.java,9,-0.316,-0.316,-0.316,-0.316,nan,nan
activemq-client/src/main/java/org/apache/activemq/management/JMSSessionStatsImpl.java,13,0.968,0.968,0.968,0.968,0.998,0.998
activemq-client/src/main/java/org/apache/activemq/management/JMSStatsImpl.java,13,0.955,0.955,0.955,0.955,0.96,0.96
activemq-client/src/main/java/org/apache/activemq/management/PollCountStatisticImpl.java,13,-0.952,-0.952,-0.952,-0.952,nan,nan
activemq-client/src/main/java/org/apache/activemq/management/RangeStatisticImpl.java,10,0.779,0.779,0.779,0.779,nan,nan
activemq-client/src/main/java/org/apache/activemq/management/StatisticImpl.java,15,0.928,0.928,0.928,0.928,0.942,0.942
activemq-client/src/main/java/org/apache/activemq/management/StatsImpl.java,15,-0.349,-0.349,-0.349,-0.349,-0.609,-0.609
activemq-client/src/main/java/org/apache/activemq/management/TimeStatisticImpl.java,10,0.779,0.779,0.779,0.779,nan,nan
activemq-broker/src/main/java/org/apache/activemq/memory/Cache.java,13,-0.245,-0.245,-0.245,-0.245,nan,nan
activemq-broker/src/main/java/org/apache/activemq/memory/CacheEntry.java,12,-0.149,-0.149,-0.149,-0.149,nan,nan
activemq-broker/src/main/java/org/apache/activemq/memory/CacheEntryList.java,11,0.412,0.412,0.412,0.412,nan,nan
activemq-broker/src/main/java/org/apache/activemq/memory/CacheEvictionUsageListener.java,18,0.156,0.156,0.156,0.156,nan,nan
activemq-broker/src/main/java/org/apache/activemq/memory/CacheFilter.java,10,nan,nan,nan,nan,nan,nan
activemq-broker/src/main/java/org/apache/activemq/memory/LRUMap.java,11,-0.356,-0.356,-0.356,-0.356,nan,nan
activemq-broker/src/main/java/org/apache/activemq/memory/MapCache.java,12,-0.219,-0.219,-0.219,-0.219,nan,nan
activemq-broker/src/main/java/org/apache/activemq/memory/UsageManagerCacheFilter.java,12,-0.197,-0.197,-0.197,-0.197,nan,nan
activemq-broker/src/main/java/org/apache/activemq/memory/buffer/MessageBuffer.java,10,-0.429,-0.429,-0.429,-0.429,nan,nan
activemq-broker/src/main/java/org/apache/activemq/memory/buffer/MessageQueue.java,10,-0.327,-0.327,-0.327,-0.327,nan,nan
activemq-broker/src/main/java/org/apache/activemq/memory/buffer/OrderBasedMessageBuffer.java,9,-0.378,-0.378,-0.378,-0.378,nan,nan
activemq-broker/src/main/java/org/apache/activemq/memory/buffer/SizeBasedMessageBuffer.java,10,0.309,0.309,0.309,0.309,nan,nan
activemq-broker/src/main/java/org/apache/activemq/memory/list/DestinationBasedMessageList.java,12,0.974,0.974,0.974,0.974,0.971,0.971
activemq-broker/src/main/java/org/apache/activemq/memory/list/MessageList.java,10,0.973,0.973,0.973,0.973,1.0,1.0
activemq-broker/src/main/java/org/apache/activemq/memory/list/SimpleMessageList.java,16,0.678,0.678,0.678,0.678,0.789,0.789
activemq-broker/src/main/java/org/apache/activemq/network/NetworkBridgeListener.java,8,-0.319,-0.319,-0.319,-0.319,-0.082,-0.082
activemq-broker/src/main/java/org/apache/activemq/network/DemandForwardingBridge.java,38,0.823,0.028,0.823,0.028,0.822,0.028
activemq-broker/src/main/java/org/apache/activemq/network/ForwardingBridge.java,31,0.745,0.915,0.745,0.915,0.665,0.87
activemq-broker/src/main/java/org/apache/activemq/network/NetworkConnector.java,56,0.335,0.31,0.335,0.31,0.363,0.149
activemq-broker/src/main/java/org/apache/activemq/network/jms/DestinationBridge.java,27,0.626,0.626,0.626,0.626,0.785,0.785
activemq-broker/src/main/java/org/apache/activemq/network/jms/InboundQueueBridge.java,14,0.986,0.986,0.986,0.986,0.977,0.977
activemq-broker/src/main/java/org/apache/activemq/network/jms/InboundTopicBridge.java,14,0.993,0.993,0.993,0.993,0.994,0.994
activemq-broker/src/main/java/org/apache/activemq/network/jms/JmsConnector.java,34,0.911,-0.886,0.911,-0.886,0.954,-0.786
activemq-broker/src/main/java/org/apache/activemq/network/jms/JmsMesageConvertor.java,9,0.608,0.608,0.608,0.608,nan,nan
activemq-broker/src/main/java/org/apache/activemq/network/jms/SimpleJmsQueueConnector.java,29,0.939,-0.148,0.939,-0.148,-0.267,0.686
activemq-broker/src/main/java/org/apache/activemq/network/jms/SimpleJmsTopicConnector.java,27,0.859,-0.159,0.859,-0.159,-0.465,0.677
activemq-broker/src/main/java/org/apache/activemq/network/jms/OutboundQueueBridge.java,14,0.993,0.993,0.993,0.993,0.998,0.998
activemq-broker/src/main/java/org/apache/activemq/network/jms/OutboundTopicBridge.java,14,0.987,0.987,0.987,0.987,0.999,0.999
activemq-broker/src/main/java/org/apache/activemq/network/jms/QueueBridge.java,17,0.694,0.694,0.694,0.694,0.502,0.502
activemq-broker/src/main/java/org/apache/activemq/network/jms/SimpleJmsMessageConvertor.java,9,0.601,0.601,0.601,0.601,nan,nan
activemq-broker/src/main/java/org/apache/activemq/network/jms/TopicBridge.java,18,0.663,0.663,0.663,0.663,0.484,0.484
activemq-client/src/main/java/org/apache/activemq/openwire/BooleanStream.java,17,0.74,0.74,0.74,0.74,0.822,0.822
activemq-client/src/main/java/org/apache/activemq/openwire/OpenWireFormat.java,54,0.651,0.651,0.651,0.651,0.665,0.665
activemq-client/src/main/java/org/apache/activemq/openwire/OpenWireFormatFactory.java,31,0.747,0.747,0.747,0.747,0.698,0.698
activemq-client/src/main/java/org/apache/activemq/openwire/v1/ActiveMQBytesMessageMarshaller.java,16,-0.996,-0.996,-0.996,-0.996,-1.0,-1.0
activemq-client/src/main/java/org/apache/activemq/openwire/v1/ActiveMQDestinationMarshaller.java,18,0.997,0.997,0.997,0.997,0.997,0.997
activemq-client/src/main/java/org/apache/activemq/openwire/v1/ActiveMQMapMessageMarshaller.java,16,-0.996,-0.996,-0.996,-0.996,-1.0,-1.0
activemq-client/src/main/java/org/apache/activemq/openwire/v1/ActiveMQMessageMarshaller.java,16,-0.996,-0.996,-0.996,-0.996,-1.0,-1.0
activemq-client/src/main/java/org/apache/activemq/openwire/v1/ActiveMQObjectMessageMarshaller.java,16,-0.996,-0.996,-0.996,-0.996,-1.0,-1.0
activemq-client/src/main/java/org/apache/activemq/openwire/v1/ActiveMQQueueMarshaller.java,16,-0.996,-0.996,-0.996,-0.996,-1.0,-1.0
activemq-client/src/main/java/org/apache/activemq/openwire/v1/ActiveMQStreamMessageMarshaller.java,16,-0.996,-0.996,-0.996,-0.996,-1.0,-1.0
activemq-client/src/main/java/org/apache/activemq/openwire/v1/ActiveMQTempDestinationMarshaller.java,16,0.996,0.996,0.996,0.996,0.999,0.999
activemq-client/src/main/java/org/apache/activemq/openwire/v1/ActiveMQTempQueueMarshaller.java,16,-0.996,-0.996,-0.996,-0.996,-1.0,-1.0
activemq-client/src/main/java/org/apache/activemq/openwire/v1/ActiveMQTempTopicMarshaller.java,16,-0.996,-0.996,-0.996,-0.996,-1.0,-1.0
activemq-client/src/main/java/org/apache/activemq/openwire/v1/ActiveMQTextMessageMarshaller.java,16,-0.995,-0.995,-0.995,-0.995,-1.0,-1.0
activemq-client/src/main/java/org/apache/activemq/openwire/v1/ActiveMQTopicMarshaller.java,16,-0.996,-0.996,-0.996,-0.996,-1.0,-1.0
activemq-client/src/main/java/org/apache/activemq/openwire/v1/BaseCommandMarshaller.java,19,0.99,0.99,0.99,0.99,0.989,0.989
activemq-client/src/main/java/org/apache/activemq/openwire/v1/BrokerIdMarshaller.java,19,-0.998,-0.998,-0.998,-0.998,-0.999,-0.999
activemq-client/src/main/java/org/apache/activemq/openwire/v1/BrokerInfoMarshaller.java,19,-0.952,-0.952,-0.952,-0.952,-0.968,-0.968
activemq-client/src/main/java/org/apache/activemq/openwire/v1/ConnectionIdMarshaller.java,19,-0.988,-0.988,-0.988,-0.988,-0.992,-0.992
activemq-client/src/main/java/org/apache/activemq/openwire/v1/ConnectionInfoMarshaller.java,19,-0.977,-0.977,-0.977,-0.977,-0.986,-0.986
activemq-client/src/main/java/org/apache/activemq/openwire/v1/ConsumerIdMarshaller.java,20,-0.98,-0.98,-0.98,-0.98,-0.981,-0.981
activemq-client/src/main/java/org/apache/activemq/openwire/v1/ConsumerInfoMarshaller.java,23,-0.795,-0.795,-0.795,-0.795,-0.894,-0.894
activemq-client/src/main/java/org/apache/activemq/openwire/v1/ControlCommandMarshaller.java,16,-0.97,-0.97,-0.97,-0.97,-0.98,-0.98
activemq-client/src/main/java/org/apache/activemq/openwire/v1/DataArrayResponseMarshaller.java,18,-0.939,-0.939,-0.939,-0.939,-0.943,-0.943
activemq-client/src/main/java/org/apache/activemq/openwire/v1/DataResponseMarshaller.java,17,-0.986,-0.986,-0.986,-0.986,-0.984,-0.984
activemq-client/src/main/java/org/apache/activemq/openwire/v1/DestinationInfoMarshaller.java,18,-0.541,-0.541,-0.541,-0.541,-0.625,-0.625
activemq-client/src/main/java/org/apache/activemq/openwire/v1/ExceptionResponseMarshaller.java,17,-0.98,-0.98,-0.98,-0.98,-0.983,-0.983
activemq-client/src/main/java/org/apache/activemq/openwire/v1/FlushCommandMarshaller.java,15,-0.996,-0.996,-0.996,-0.996,-0.999,-0.999
activemq-client/src/main/java/org/apache/activemq/openwire/v1/IntegerResponseMarshaller.java,17,-0.996,-0.996,-0.996,-0.996,-1.0,-1.0
activemq-client/src/main/java/org/apache/activemq/openwire/v1/JournalQueueAckMarshaller.java,18,-0.975,-0.975,-0.975,-0.975,-0.981,-0.981
activemq-client/src/main/java/org/apache/activemq/openwire/v1/JournalTopicAckMarshaller.java,18,-0.953,-0.953,-0.953,-0.953,-0.933,-0.933
activemq-client/src/main/java/org/apache/activemq/openwire/v1/JournalTraceMarshaller.java,18,-0.975,-0.975,-0.975,-0.975,-0.985,-0.985
activemq-client/src/main/java/org/apache/activemq/openwire/v1/JournalTransactionMarshaller.java,18,-0.97,-0.97,-0.97,-0.97,-0.972,-0.972
activemq-client/src/main/java/org/apache/activemq/openwire/v1/KeepAliveInfoMarshaller.java,18,-0.996,-0.996,-0.996,-0.996,-1.0,-1.0
activemq-client/src/main/java/org/apache/activemq/openwire/v1/LocalTransactionIdMarshaller.java,18,-0.976,-0.976,-0.976,-0.976,-0.97,-0.97
activemq-client/src/main/java/org/apache/activemq/openwire/v1/MarshallerFactory.java,22,0.497,0.497,0.497,0.497,0.958,0.958
activemq-client/src/main/java/org/apache/activemq/openwire/v1/MessageAckMarshaller.java,17,-0.963,-0.963,-0.963,-0.963,-0.962,-0.962
activemq-client/src/main/java/org/apache/activemq/openwire/v1/MessageDispatchMarshaller.java,17,-0.977,-0.977,-0.977,-0.977,-0.978,-0.978
activemq-client/src/main/java/org/apache/activemq/openwire/v1/MessageIdMarshaller.java,19,-0.974,-0.974,-0.974,-0.974,-0.978,-0.978
activemq-client/src/main/java/org/apache/activemq/openwire/v1/MessageMarshaller.java,18,0.919,0.919,0.919,0.919,0.95,0.95
activemq-client/src/main/java/org/apache/activemq/openwire/v1/ProducerIdMarshaller.java,20,-0.978,-0.978,-0.978,-0.978,-0.977,-0.977
activemq-client/src/main/java/org/apache/activemq/openwire/v1/ProducerInfoMarshaller.java,17,-0.979,-0.979,-0.979,-0.979,-0.972,-0.972
activemq-client/src/main/java/org/apache/activemq/openwire/v1/RemoveInfoMarshaller.java,17,-0.984,-0.984,-0.984,-0.984,-0.983,-0.983
activemq-client/src/main/java/org/apache/activemq/openwire/v1/RemoveSubscriptionInfoMarshaller.java,18,-0.993,-0.993,-0.993,-0.993,-0.995,-0.995
activemq-client/src/main/java/org/apache/activemq/openwire/v1/ResponseMarshaller.java,18,-0.997,-0.997,-0.997,-0.997,-1.0,-1.0
activemq-client/src/main/java/org/apache/activemq/openwire/v1/SessionIdMarshaller.java,20,-0.993,-0.993,-0.993,-0.993,-0.996,-0.996
activemq-client/src/main/java/org/apache/activemq/openwire/v1/SessionInfoMarshaller.java,17,-0.991,-0.991,-0.991,-0.991,-0.989,-0.989
activemq-client/src/main/java/org/apache/activemq/openwire/v1/ShutdownInfoMarshaller.java,16,-0.996,-0.996,-0.996,-0.996,-0.999,-0.999
activemq-client/src/main/java/org/apache/activemq/openwire/v1/SubscriptionInfoMarshaller.java,19,-0.99,-0.99,-0.99,-0.99,-0.995,-0.995
activemq-client/src/main/java/org/apache/activemq/openwire/v1/TransactionIdMarshaller.java,17,0.997,0.997,0.997,0.997,0.999,0.999
activemq-client/src/main/java/org/apache/activemq/openwire/v1/TransactionInfoMarshaller.java,17,-0.971,-0.971,-0.971,-0.971,-0.978,-0.978
activemq-client/src/main/java/org/apache/activemq/openwire/v1/WireFormatInfoMarshaller.java,18,-0.799,-0.799,-0.799,-0.799,-0.826,-0.826
activemq-client/src/main/java/org/apache/activemq/openwire/v1/XATransactionIdMarshaller.java,17,-0.887,-0.887,-0.887,-0.887,0.097,0.097
activemq-jms-pool/src/main/java/org/apache/activemq/jms/pool/ConnectionKey.java,14,-0.345,-0.345,-0.345,-0.345,nan,nan
activemq-pool/src/main/java/org/apache/activemq/pool/PooledConnection.java,27,0.84,0.736,0.84,0.736,0.929,0.823
activemq-pool/src/main/java/org/apache/activemq/pool/PooledConnectionFactory.java,39,0.309,-0.462,0.309,-0.462,0.246,-0.196
activemq-jms-pool/src/main/java/org/apache/activemq/jms/pool/PooledProducer.java,16,0.573,0.573,0.573,0.573,0.718,0.718
activemq-jms-pool/src/main/java/org/apache/activemq/jms/pool/PooledQueueSender.java,12,-0.181,-0.181,-0.181,-0.181,nan,nan
activemq-jms-pool/src/main/java/org/apache/activemq/jms/pool/PooledSession.java,37,0.795,0.795,0.795,0.795,0.931,0.931
activemq-jms-pool/src/main/java/org/apache/activemq/jms/pool/PooledTopicPublisher.java,13,-0.404,-0.404,-0.404,-0.404,nan,nan
activemq-jms-pool/src/main/java/org/apache/activemq/jms/pool/SessionKey.java,10,-0.234,-0.234,-0.234,-0.234,nan,nan
activemq-broker/src/main/java/org/apache/activemq/proxy/ProxyConnection.java,17,0.919,0.482,0.919,0.482,0.99,0.232
activemq-broker/src/main/java/org/apache/activemq/proxy/ProxyConnector.java,27,0.307,0.777,0.307,0.777,0.198,0.684
activemq-broker/src/main/java/org/apache/activemq/security/JaasAuthenticationBroker.java,19,0.231,0.849,0.231,0.849,0.362,0.942
activemq-broker/src/main/java/org/apache/activemq/security/SecurityAdminMBean.java,9,-0.378,-0.378,-0.378,-0.378,nan,nan
activemq-broker/src/main/java/org/apache/activemq/security/SecurityContext.java,18,0.94,-0.796,0.94,-0.796,0.875,-0.974
activemq-broker/src/main/java/org/apache/activemq/security/SimpleAuthenticationBroker.java,21,0.881,-0.542,0.881,-0.542,0.94,-0.676
activemq-broker/src/main/java/org/apache/activemq/security/AuthorizationBroker.java,33,-0.487,0.68,-0.487,0.68,0.709,-0.518
activemq-client/src/main/java/org/apache/activemq/state/CommandVisitor.java,16,-0.146,-0.146,-0.146,-0.146,-0.329,-0.329
activemq-client/src/main/java/org/apache/activemq/state/ConnectionState.java,23,0.878,0.878,0.878,0.878,0.905,0.905
activemq-client/src/main/java/org/apache/activemq/state/ConnectionStateTracker.java,54,0.715,-0.364,0.715,-0.364,0.878,-0.127
activemq-client/src/main/java/org/apache/activemq/state/ConsumerState.java,9,nan,nan,nan,nan,nan,nan
activemq-client/src/main/java/org/apache/activemq/state/ProducerState.java,16,0.822,0.822,0.822,0.822,0.937,0.937
activemq-client/src/main/java/org/apache/activemq/state/SessionState.java,19,0.209,0.209,0.209,0.209,0.47,0.47
activemq-broker/src/main/java/org/apache/activemq/store/MessageRecoveryListener.java,17,0.71,0.71,0.71,0.71,0.929,0.929
activemq-broker/src/main/java/org/apache/activemq/store/MessageStore.java,32,0.861,0.861,0.861,0.861,0.87,0.87
activemq-broker/src/main/java/org/apache/activemq/store/PersistenceAdapter.java,22,0.888,0.888,0.888,0.888,0.917,0.917
activemq-broker/src/main/java/org/apache/activemq/store/ProxyMessageStore.java,30,0.295,0.295,0.295,0.295,0.343,0.343
activemq-broker/src/main/java/org/apache/activemq/store/ProxyTopicMessageStore.java,36,-0.404,-0.404,-0.404,-0.404,-0.304,-0.304
activemq-broker/src/main/java/org/apache/activemq/store/TopicMessageStore.java,25,0.899,0.899,0.899,0.899,0.892,0.892
activemq-broker/src/main/java/org/apache/activemq/store/TransactionStore.java,12,-0.035,-0.035,-0.035,-0.035,nan,nan
activemq-jdbc-store/src/main/java/org/apache/activemq/store/jdbc/JDBCAdapter.java,40,0.703,0.703,0.703,0.703,0.672,0.672
activemq-jdbc-store/src/main/java/org/apache/activemq/store/jdbc/JDBCMessageRecoveryListener.java,14,0.285,0.285,0.285,0.285,0.983,0.983
activemq-jdbc-store/src/main/java/org/apache/activemq/store/jdbc/JDBCMessageStore.java,66,0.893,0.629,0.893,0.629,0.93,0.747
activemq-jdbc-store/src/main/java/org/apache/activemq/store/jdbc/JDBCPersistenceAdapter.java,100,0.939,0.366,0.939,0.366,0.959,0.184
activemq-jdbc-store/src/main/java/org/apache/activemq/store/jdbc/JDBCTopicMessageStore.java,53,0.73,0.969,0.73,0.969,0.739,0.978
activemq-jdbc-store/src/main/java/org/apache/activemq/store/jdbc/TransactionContext.java,36,0.974,-0.758,0.974,-0.758,0.971,-0.79
activemq-jdbc-store/src/main/java/org/apache/activemq/store/jdbc/adapter/AxionJDBCAdapter.java,6,-0.013,-0.234,-0.013,-0.234,nan,nan
activemq-jdbc-store/src/main/java/org/apache/activemq/store/jdbc/adapter/BlobJDBCAdapter.java,21,0.738,0.738,0.738,0.738,0.932,0.932
activemq-jdbc-store/src/main/java/org/apache/activemq/store/jdbc/adapter/BytesJDBCAdapter.java,12,0.975,0.975,0.975,0.975,0.996,0.996
activemq-jdbc-store/src/main/java/org/apache/activemq/store/jdbc/adapter/DefaultJDBCAdapter.java,90,0.528,0.528,0.528,0.528,0.591,0.591
activemq-jdbc-store/src/main/java/org/apache/activemq/store/jdbc/adapter/HsqldbJDBCAdapter.java,5,-0.919,-0.919,-0.919,-0.919,nan,nan
activemq-jdbc-store/src/main/java/org/apache/activemq/store/jdbc/adapter/ImageBasedJDBCAdaptor.java,4,nan,nan,nan,nan,nan,nan
activemq-jdbc-store/src/main/java/org/apache/activemq/store/jdbc/adapter/InformixJDBCAdapter.java,2,nan,nan,nan,nan,nan,nan
activemq-jdbc-store/src/main/java/org/apache/activemq/store/jdbc/adapter/OracleJDBCAdapter.java,17,0.587,0.587,0.587,0.587,0.97,0.97
activemq-jdbc-store/src/main/java/org/apache/activemq/store/jdbc/adapter/PostgresqlJDBCAdapter.java,8,0.026,0.026,0.026,0.026,-0.408,-0.408
activemq-jdbc-store/src/main/java/org/apache/activemq/store/jdbc/adapter/StreamJDBCAdapter.java,15,0.871,0.871,0.871,0.871,0.807,0.807
activemq-broker/src/main/java/org/apache/activemq/store/memory/MemoryMessageStore.java,39,0.187,0.187,0.187,0.187,0.813,0.813
activemq-broker/src/main/java/org/apache/activemq/store/memory/MemoryPersistenceAdapter.java,34,-0.547,-0.547,-0.547,-0.547,-0.417,-0.417
activemq-broker/src/main/java/org/apache/activemq/store/memory/MemoryTopicMessageStore.java,30,0.598,0.366,0.598,0.366,0.621,0.307
activemq-broker/src/main/java/org/apache/activemq/store/memory/MemoryTransactionStore.java,33,0.989,0.597,0.989,0.597,0.981,0.613
activemq-client/src/main/java/org/apache/activemq/thread/DefaultThreadPools.java,18,0.36,0.36,0.36,0.36,0.859,0.859
activemq-client/src/main/java/org/apache/activemq/thread/Scheduler.java,31,-0.559,-0.338,-0.559,-0.338,-0.377,-0.506
activemq-client/src/main/java/org/apache/activemq/thread/PooledTaskRunner.java,21,0.607,0.607,0.607,0.607,0.78,0.78
activemq-client/src/main/java/org/apache/activemq/thread/TaskRunner.java,12,0.075,0.075,0.075,0.075,0.68,0.68
activemq-client/src/main/java/org/apache/activemq/thread/TaskRunnerFactory.java,35,0.889,0.889,0.889,0.889,0.863,0.863
activemq-broker/src/main/java/org/apache/activemq/transaction/LocalTransaction.java,20,0.078,0.078,0.078,0.078,0.439,0.439
activemq-client/src/main/java/org/apache/activemq/transaction/Synchronization.java,12,-0.76,-0.76,-0.76,-0.76,-0.717,-0.717
activemq-broker/src/main/java/org/apache/activemq/transaction/Transaction.java,26,0.87,0.87,0.87,0.87,0.848,0.848
activemq-broker/src/main/java/org/apache/activemq/transaction/XATransaction.java,26,0.874,0.874,0.874,0.874,0.932,0.932
activemq-client/src/main/java/org/apache/activemq/transport/CompositeTransport.java,9,-0.35,-0.35,-0.35,-0.35,nan,nan
activemq-client/src/main/java/org/apache/activemq/transport/FutureResponse.java,21,-0.163,-0.163,-0.163,-0.163,-0.66,-0.66
activemq-client/src/main/java/org/apache/activemq/transport/InactivityIOException.java,8,nan,nan,nan,nan,nan,nan
activemq-client/src/main/java/org/apache/activemq/transport/InactivityMonitor.java,63,0.902,-0.842,0.902,-0.842,0.863,-0.813
activemq-client/src/main/java/org/apache/activemq/transport/MarshallingTransportFilter.java,12,-0.399,-0.399,-0.399,-0.399,nan,nan
activemq-client/src/main/java/org/apache/activemq/transport/MutexTransport.java,20,0.784,0.784,0.784,0.784,0.78,0.78
activemq-client/src/main/java/org/apache/activemq/transport/ResponseCorrelator.java,34,0.843,0.843,0.843,0.843,0.862,0.862
activemq-client/src/main/java/org/apache/activemq/transport/Transport.java,24,0.601,0.601,0.601,0.601,0.647,0.647
activemq-client/src/main/java/org/apache/activemq/transport/TransportAcceptListener.java,7,nan,nan,nan,nan,nan,nan
activemq-client/src/main/java/org/apache/activemq/transport/TransportFactory.java,37,0.862,0.862,0.862,0.862,0.948,0.948
activemq-client/src/main/java/org/apache/activemq/transport/TransportFilter.java,27,-0.809,-0.809,-0.809,-0.809,-0.631,-0.631
activemq-client/src/main/java/org/apache/activemq/transport/TransportListener.java,12,0.93,0.93,0.93,0.93,0.947,0.947
activemq-broker/src/main/java/org/apache/activemq/transport/TransportLogger.java,23,-0.685,-0.685,-0.685,-0.685,-0.527,-0.527
activemq-client/src/main/java/org/apache/activemq/transport/TransportServer.java,16,-0.394,-0.394,-0.394,-0.394,-0.327,-0.327
activemq-client/src/main/java/org/apache/activemq/transport/TransportServerFilter.java,12,-0.858,-0.858,-0.858,-0.858,-0.716,-0.716
activemq-client/src/main/java/org/apache/activemq/transport/TransportServerSupport.java,14,0.816,0.816,0.816,0.816,0.792,0.792
activemq-client/src/main/java/org/apache/activemq/transport/TransportServerThreadSupport.java,20,0.896,0.896,0.896,0.896,0.906,0.906
activemq-client/src/main/java/org/apache/activemq/transport/TransportSupport.java,24,0.585,0.585,0.585,0.585,0.516,0.516
activemq-client/src/main/java/org/apache/activemq/transport/TransportThreadSupport.java,19,0.893,0.893,0.893,0.893,0.939,0.939
activemq-client/src/main/java/org/apache/activemq/transport/WireFormatNegotiator.java,34,0.568,0.568,0.568,0.568,0.63,0.63
activemq-client/src/main/java/org/apache/activemq/transport/discovery/DiscoveryAgent.java,13,0.834,0.834,0.834,0.834,0.889,0.889
activemq-client/src/main/java/org/apache/activemq/transport/discovery/DiscoveryAgentFactory.java,16,0.317,0.317,0.317,0.317,nan,nan
activemq-client/src/main/java/org/apache/activemq/transport/discovery/DiscoveryListener.java,10,0.384,0.384,0.384,0.384,nan,nan
activemq-client/src/main/java/org/apache/activemq/transport/discovery/DiscoveryTransport.java,24,0.631,0.631,0.631,0.631,0.903,0.903
activemq-client/src/main/java/org/apache/activemq/transport/discovery/DiscoveryTransportFactory.java,17,0.657,0.657,0.657,0.657,0.668,0.668
activemq-client/src/main/java/org/apache/activemq/transport/discovery/multicast/MulticastDiscoveryAgent.java,40,0.963,-0.564,0.963,-0.564,0.984,-0.525
activemq-client/src/main/java/org/apache/activemq/transport/discovery/multicast/MulticastDiscoveryAgentFactory.java,6,-0.438,-0.438,-0.438,-0.438,nan,nan
activemq-client/src/main/java/org/apache/activemq/transport/discovery/zeroconf/JmDNSFactory.java,16,0.269,0.218,0.269,0.218,0.963,0.986
activemq-client/src/main/java/org/apache/activemq/transport/discovery/zeroconf/ZeroconfDiscoveryAgent.java,25,0.13,0.13,0.13,0.13,0.54,0.54
activemq-client/src/main/java/org/apache/activemq/transport/discovery/simple/SimpleDiscoveryAgent.java,32,0.775,0.162,0.775,0.162,0.762,0.091
activemq-client/src/main/java/org/apache/activemq/transport/failover/FailoverTransport.java,164,0.668,-0.377,0.668,-0.377,0.668,-0.358
activemq-client/src/main/java/org/apache/activemq/transport/failover/FailoverTransportFactory.java,16,0.788,0.788,0.788,0.788,nan,nan
activemq-client/src/main/java/org/apache/activemq/transport/fanout/FanoutTransport.java,45,0.734,0.932,0.734,0.932,0.728,0.933
activemq-client/src/main/java/org/apache/activemq/transport/fanout/FanoutTransportFactory.java,15,0.977,0.977,0.977,0.977,nan,nan
activemq-client/src/main/java/org/apache/activemq/transport/mock/MockTransport.java,24,-0.091,-0.091,-0.091,-0.091,0.053,0.053
activemq-client/src/main/java/org/apache/activemq/transport/mock/MockTransportFactory.java,12,0.807,0.807,0.807,0.807,nan,nan
activemq-broker/src/main/java/org/apache/activemq/transport/peer/PeerTransportFactory.java,20,0.66,0.084,0.66,0.084,nan,nan
activemq-stomp/src/main/java/org/apache/activemq/transport/stomp/Stomp.java,15,0.743,0.743,0.743,0.743,0.966,0.966
activemq-client/src/main/java/org/apache/activemq/transport/tcp/ResponseHolder.java,13,-0.854,-0.854,-0.854,-0.854,nan,nan
activemq-client/src/main/java/org/apache/activemq/transport/tcp/TcpBufferedInputStream.java,14,-0.495,-0.495,-0.495,-0.495,-0.165,-0.165
activemq-client/src/main/java/org/apache/activemq/transport/tcp/TcpBufferedOutputStream.java,18,0.567,0.567,0.567,0.567,0.735,0.735
activemq-client/src/main/java/org/apache/activemq/transport/tcp/TcpTransport.java,86,0.9,-0.874,0.9,-0.874,0.885,-0.859
activemq-client/src/main/java/org/apache/activemq/transport/tcp/TcpTransportFactory.java,44,-0.665,-0.665,-0.665,-0.665,-0.581,-0.581
activemq-client/src/main/java/org/apache/activemq/transport/tcp/TcpTransportServer.java,72,0.714,-0.557,0.714,-0.557,0.685,-0.492
activemq-broker/src/main/java/org/apache/activemq/transport/vm/VMTransport.java,71,0.067,0.067,0.067,0.067,0.071,0.071
activemq-broker/src/main/java/org/apache/activemq/transport/vm/VMTransportFactory.java,39,0.683,0.683,0.683,0.683,0.758,0.758
activemq-broker/src/main/java/org/apache/activemq/transport/vm/VMTransportServer.java,22,0.921,0.921,0.921,0.921,0.927,0.927
activemq-broker/src/main/java/org/apache/activemq/util/HexSupport.java,13,0.997,0.997,0.997,0.997,0.997,0.997
activemq-client/src/main/java/org/apache/activemq/util/IOExceptionSupport.java,12,0.982,0.982,0.982,0.982,0.997,0.997
activemq-client/src/main/java/org/apache/activemq/util/IdGenerator.java,25,0.993,0.993,0.993,0.993,0.992,0.992
activemq-client/src/main/java/org/apache/activemq/util/IndentPrinter.java,9,nan,nan,nan,nan,nan,nan
activemq-client/src/main/java/org/apache/activemq/util/IntrospectionSupport.java,41,0.939,0.939,0.939,0.939,0.941,0.941
activemq-client/src/main/java/org/apache/activemq/util/JMSExceptionSupport.java,15,0.939,0.939,0.939,0.939,0.981,0.981
activemq-broker/src/main/java/org/apache/activemq/util/JMXSupport.java,4,-1.0,-1.0,-1.0,-1.0,-1.0,-1.0
activemq-client/src/main/java/org/apache/activemq/util/LRUCache.java,15,0.704,0.704,0.704,0.704,0.602,0.602
activemq-client/src/main/java/org/apache/activemq/util/LongSequenceGenerator.java,11,0.95,0.95,0.95,0.95,0.984,0.984
activemq-client/src/main/java/org/apache/activemq/util/MapHelper.java,10,0.8,0.8,0.8,0.8,1.0,1.0
activemq-client/src/main/java/org/apache/activemq/util/MarshallingSupport.java,31,0.978,0.978,0.978,0.978,0.979,0.979
activemq-unit-tests/src/test/java/org/apache/activemq/util/MessageIdList.java,29,0.981,0.981,0.981,0.981,0.979,0.979
activemq-client/src/main/java/org/apache/activemq/util/ServiceStopper.java,13,0.51,0.51,0.51,0.51,nan,nan
activemq-client/src/main/java/org/apache/activemq/util/ServiceSupport.java,19,0.622,0.622,0.622,0.622,0.623,0.623
activemq-broker/src/main/java/org/apache/activemq/util/SubscriptionKey.java,13,-0.698,-0.698,-0.698,-0.698,-0.764,-0.764
activemq-broker/src/main/java/org/apache/activemq/util/TransactionTemplate.java,13,-0.377,-0.377,-0.377,-0.377,0.995,0.995
activemq-client/src/main/java/org/apache/activemq/util/TypeConversionSupport.java,19,0.938,0.972,0.938,0.972,0.863,0.935
activemq-client/src/main/java/org/apache/activemq/util/URISupport.java,29,-0.405,-0.735,-0.405,-0.735,-0.652,-0.91
activemq-broker/src/main/java/org/apache/activemq/util/WrappedException.java,8,nan,nan,nan,nan,nan,nan
activemq-spring/src/main/java/org/apache/activemq/xbean/BrokerFactoryBean.java,18,0.994,0.994,0.994,0.994,0.993,0.993
activemq-spring/src/main/java/org/apache/activemq/xbean/XBeanBrokerFactory.java,23,0.92,0.92,0.92,0.92,0.964,0.964
activemq-spring/src/main/java/org/apache/activemq/xbean/XBeanBrokerService.java,30,0.842,0.842,0.842,0.842,0.772,0.772
activemq-unit-tests/src/test/java/org/apache/activemq/ActiveMQConnectionFactoryTest.java,29,0.89,0.89,0.89,0.89,0.928,0.928
activemq-unit-tests/src/test/java/org/apache/activemq/ClientTestSupport.java,14,-0.212,-0.212,-0.212,-0.212,nan,nan
activemq-unit-tests/src/test/java/org/apache/activemq/CombinationTestSupport.java,23,0.351,0.36,0.351,0.36,0.245,0.237
activemq-unit-tests/src/test/java/org/apache/activemq/ConnectionCleanupTest.java,12,0.984,0.984,0.984,0.984,0.969,0.969
activemq-unit-tests/src/test/java/org/apache/activemq/ConsumerReceiveWithTimeoutTest.java,12,0.988,0.988,0.988,0.988,0.99,0.99
activemq-unit-tests/src/test/java/org/apache/activemq/EmbeddedBrokerTestSupport.java,22,0.817,0.817,0.817,0.817,0.675,0.675
activemq-unit-tests/src/test/java/org/apache/activemq/JMSConsumerTest.java,53,0.946,0.896,0.946,0.896,0.946,0.922
activemq-unit-tests/src/test/java/org/apache/activemq/JMSDurableTopicRedeliverTest.java,14,-0.461,-0.461,-0.461,-0.461,nan,nan
activemq-unit-tests/src/test/java/org/apache/activemq/JMSExclusiveConsumerTest.java,15,-0.337,-0.337,-0.337,-0.337,-0.338,-0.338
activemq-unit-tests/src/test/java/org/apache/activemq/JMSMessageTest.java,21,0.931,0.882,0.931,0.882,0.459,0.375
activemq-unit-tests/src/test/java/org/apache/activemq/JMSUsecaseTest.java,16,0.134,0.134,0.134,0.134,nan,nan
activemq-unit-tests/src/test/java/org/apache/activemq/JmsAutoAckListenerTest.java,11,0.947,0.947,0.947,0.947,nan,nan
activemq-unit-tests/src/test/java/org/apache/activemq/JmsAutoAckTest.java,10,0.804,nan,0.804,nan,nan,nan
activemq-unit-tests/src/test/java/org/apache/activemq/JmsBenchmark.java,18,0.216,-0.118,0.216,-0.118,-0.216,0.289
activemq-unit-tests/src/test/java/org/apache/activemq/JmsClientAckListenerTest.java,10,0.816,0.816,0.816,0.816,nan,nan
activemq-unit-tests/src/test/java/org/apache/activemq/JmsClientAckTest.java,12,0.884,0.884,0.884,0.884,0.994,0.994
activemq-unit-tests/src/test/java/org/apache/activemq/JmsConnectionStartStopTest.java,13,0.997,-0.997,0.997,-0.997,0.997,-0.998
activemq-unit-tests/src/test/java/org/apache/activemq/JmsCreateConsumerInOnMessageTest.java,11,0.911,0.911,0.911,0.911,0.674,0.674
activemq-unit-tests/src/test/java/org/apache/activemq/JmsDurableQueueWildcardSendReceiveTest.java,10,-0.779,-0.779,-0.779,-0.779,nan,nan
activemq-unit-tests/src/test/java/org/apache/activemq/JmsDurableTopicSendReceiveTest.java,13,-0.74,-0.74,-0.74,-0.74,nan,nan
activemq-unit-tests/src/test/java/org/apache/activemq/JmsDurableTopicWildcardSendReceiveTest.java,10,-0.383,-0.383,-0.383,-0.383,nan,nan
activemq-unit-tests/src/test/java/org/apache/activemq/JmsQueueBrowserTest.java,24,0.986,0.986,0.986,0.986,0.989,0.989
activemq-unit-tests/src/test/java/org/apache/activemq/JmsQueueCompositeSendReceiveTest.java,15,0.1,0.1,0.1,0.1,0.116,0.116
activemq-unit-tests/src/test/java/org/apache/activemq/JmsQueueSelectorTest.java,2,nan,nan,nan,nan,nan,nan
activemq-unit-tests/src/test/java/org/apache/activemq/JmsQueueSendReceiveTwoConnectionsTest.java,4,-0.333,-0.333,-0.333,-0.333,nan,nan
activemq-unit-tests/src/test/java/org/apache/activemq/JmsQueueTopicCompositeSendReceiveTest.java,11,0.334,0.334,0.334,0.334,nan,nan
activemq-broker/src/test/java/org/apache/activemq/JmsQueueTransactionTest.java,20,-0.777,-0.777,-0.777,-0.777,-0.646,-0.646
activemq-unit-tests/src/test/java/org/apache/activemq/JmsQueueWildcardSendReceiveTest.java,12,0.788,0.788,0.788,0.788,nan,nan
activemq-unit-tests/src/test/java/org/apache/activemq/JmsRedeliveredTest.java,16,0.413,-0.863,0.413,-0.863,0.477,-0.893
activemq-unit-tests/src/test/java/org/apache/activemq/JmsSendReceiveTestSupport.java,18,-0.791,-0.791,-0.791,-0.791,-0.752,-0.752
activemq-unit-tests/src/test/java/org/apache/activemq/JmsSessionRecoverTest.java,10,0.915,0.915,0.915,0.915,nan,nan
activemq-unit-tests/src/test/java/org/apache/activemq/JmsTempDestinationTest.java,23,0.974,-0.785,0.974,-0.785,0.996,-0.853
activemq-unit-tests/src/test/java/org/apache/activemq/JmsTestSupport.java,21,0.945,0.945,0.945,0.945,0.963,0.963
activemq-unit-tests/src/test/java/org/apache/activemq/JmsTopicCompositeSendReceiveTest.java,11,0.334,0.334,0.334,0.334,nan,nan
activemq-unit-tests/src/test/java/org/apache/activemq/JmsTopicRedeliverTest.java,15,0.859,0.859,0.859,0.859,0.865,0.865
activemq-unit-tests/src/test/java/org/apache/activemq/JmsTopicRequestReplyTest.java,13,0.256,0.256,0.256,0.256,0.891,0.891
activemq-unit-tests/src/test/java/org/apache/activemq/JmsTopicSelectorTest.java,14,-0.182,-0.182,-0.182,-0.182,0.919,0.919
activemq-unit-tests/src/test/java/org/apache/activemq/JmsTopicSendReceiveTest.java,14,0.115,0.115,0.115,0.115,nan,nan
activemq-unit-tests/src/test/java/org/apache/activemq/JmsTopicSendReceiveWithTwoConnectionsTest.java,12,0.116,0.116,0.116,0.116,-0.145,-0.145
activemq-unit-tests/src/test/java/org/apache/activemq/JmsTopicSendSameMessageTest.java,10,0.721,0.721,0.721,0.721,nan,nan
activemq-unit-tests/src/test/java/org/apache/activemq/JmsTopicWildcardSendReceiveTest.java,14,-0.673,-0.673,-0.673,-0.673,-0.699,-0.699
activemq-broker/src/test/java/org/apache/activemq/JmsTransactionTestSupport.java,28,-0.828,-0.828,-0.828,-0.828,-0.866,-0.866
activemq-unit-tests/src/test/java/org/apache/activemq/LargeMessageTestSupport.java,15,-0.013,-0.013,-0.013,-0.013,nan,nan
activemq-unit-tests/src/test/java/org/apache/activemq/LoadTestBurnIn.java,18,0.176,0.176,0.176,0.176,-0.619,-0.619
activemq-unit-tests/src/test/java/org/apache/activemq/MessageTransformationTest.java,8,0.988,0.988,0.988,0.988,nan,nan
activemq-unit-tests/src/test/java/org/apache/activemq/RedeliveryPolicyTest.java,28,0.8,-0.566,0.8,-0.566,0.865,-0.403
activemq-unit-tests/src/test/java/org/apache/activemq/SpringTestSupport.java,13,0.0,0.0,0.0,0.0,-0.212,-0.212
activemq-unit-tests/src/test/java/org/apache/activemq/TestSupport.java,36,0.97,0.97,0.97,0.97,0.944,0.944
activemq-unit-tests/src/test/java/org/apache/activemq/broker/BrokerBenchmark.java,18,-0.906,-0.067,-0.906,-0.067,0.672,-0.098
activemq-unit-tests/src/test/java/org/apache/activemq/broker/BrokerRestartTestSupport.java,15,0.63,0.63,0.63,0.63,0.24,0.24
