commit,commit_date,author_date,path,loc,lloc,comments,blanks,entities,inter_cd,intra_cd,cc
40a7d3b6ac35d2ecb34e85fc3403d2e48e33874e,2005-12-12 17:53:59+00:00,2005-12-12 17:53:59+00:00,activemq-core/src/main/java/org/activemq/ActiveMQConnectionFactory.java,403,403,"Moved the trunk code into the trunk sub directory

git-svn-id: https://svn.apache.org/repos/asf/incubator/activemq/trunk@356304 13f79535-47bb-0310-9956-ffa450edef68",69,65,1.5336137700853245,1.5336137704663704,15
8032ef40bea6bb08d0f8151866beadd7cafb9eb1,2005-12-20 18:05:38+00:00,2005-12-20 18:05:38+00:00,activemq-core/src/main/java/org/activemq/ActiveMQConnectionFactory.java,393,393,"- updated openwire marshalers.
- added some more toString() methods to the transports
- Fixed up the advisories so that duplicate consumer infos are not sent
- Changed the demand forwarding bridge so that loop back message filtering occurs in the broker instead of on the bridge


git-svn-id: https://svn.apache.org/repos/asf/incubator/activemq/trunk@358056 13f79535-47bb-0310-9956-ffa450edef68",66,62,1.5436299003677465,1.5436298970480895,15
92a698fe42656274d0f3e31be415ba881b094b3f,2005-12-22 06:11:40+00:00,2005-12-22 06:11:40+00:00,activemq-core/src/main/java/org/activemq/ActiveMQConnectionFactory.java,391,391,"updated headers in source file to use apache header

git-svn-id: https://svn.apache.org/repos/asf/incubator/activemq/trunk@358513 13f79535-47bb-0310-9956-ffa450edef68",66,62,1.5436299003677465,1.5436298970480895,15
5cea195af29c5987e457af197312ecbfaf6c241b,2005-12-27 16:47:56+00:00,2005-12-27 16:47:56+00:00,activemq-core/src/main/java/org/activemq/ActiveMQConnectionFactory.java,394,394,"Applied patch suggested by marcusp@absa.co.za on the dev mailing list.

git-svn-id: https://svn.apache.org/repos/asf/incubator/activemq/trunk@359239 13f79535-47bb-0310-9956-ffa450edef68",67,62,1.5433866855414586,1.543386681976109,16
d29ca2a71b7fd281c15f7d05e135c196d2b2488c,2005-12-28 17:24:02+00:00,2005-12-28 17:24:02+00:00,activemq-core/src/main/java/org/apache/activemq/ActiveMQConnectionFactory.java,394,394,"Refactor org.activemq -> org.apache.activemq


git-svn-id: https://svn.apache.org/repos/asf/incubator/activemq/trunk@359567 13f79535-47bb-0310-9956-ffa450edef68",67,62,1.5433866855414586,1.5433866803379865,16
48b4869472d647a890ce6905e7914b7d1ecde948,2005-12-29 02:15:21+00:00,2005-12-29 02:15:21+00:00,activemq-core/src/main/java/org/apache/activemq/ActiveMQConnectionFactory.java,394,394,"Updated copyright headers to be (c) 2005-2006 


git-svn-id: https://svn.apache.org/repos/asf/incubator/activemq/trunk@359679 13f79535-47bb-0310-9956-ffa450edef68",67,62,1.5433866855414586,1.5433866803379865,16
ffb9d2aabb8ade109d32df3f95be3bb1a24f970b,2005-12-30 15:34:31+00:00,2005-12-30 15:34:31+00:00,activemq-core/src/main/java/org/apache/activemq/ActiveMQConnectionFactory.java,409,409,"allow the RedeliveryPolicy to be configured on an ActiveMQConnectionFactory

git-svn-id: https://svn.apache.org/repos/asf/incubator/activemq/trunk@360105 13f79535-47bb-0310-9956-ffa450edef68",70,65,1.5448229833908882,1.5448229784804508,16
de7f650b16e6e77ea31f8967202dd8445bd64a5e,2005-12-30 18:25:15+00:00,2005-12-30 18:25:15+00:00,activemq-core/src/main/java/org/apache/activemq/ActiveMQConnectionFactory.java,411,411,"avoid possible NPE; only set the redeliveryPolicy if there is one configured

git-svn-id: https://svn.apache.org/repos/asf/incubator/activemq/trunk@360132 13f79535-47bb-0310-9956-ffa450edef68",70,65,1.5449715744993653,1.544971570930085,18
90e21b4e8f7d5ad4a7f127f2558cd5cb755ccbba,2005-12-30 18:48:31+00:00,2005-12-30 18:48:31+00:00,activemq-core/src/main/java/org/apache/activemq/ActiveMQConnectionFactory.java,413,413,"Modified the BrokerInfo so that the redelivery policy is now purely configured on the client side.  Also the connection's transport
is not started until the connection if fully configured now.



git-svn-id: https://svn.apache.org/repos/asf/incubator/activemq/trunk@360140 13f79535-47bb-0310-9956-ffa450edef68",71,65,1.546078084991636,1.5460780799667861,16
c8d74e7113ce444f3897d5f5416859f13b0c15cc,2006-01-05 08:22:59+00:00,2006-01-05 08:22:59+00:00,activemq-core/src/main/java/org/apache/activemq/ActiveMQConnectionFactory.java,412,412,"removed RedeliveryPolicy from openwire and moved into the client package

git-svn-id: https://svn.apache.org/repos/asf/incubator/activemq/trunk@366118 13f79535-47bb-0310-9956-ffa450edef68",71,65,1.546078084991636,1.5460780812822323,16
2ddd372cad0f31ce5f200f8d43c7e813057c0d0a,2006-01-14 02:10:14+00:00,2006-01-14 02:10:14+00:00,activemq-core/src/main/java/org/apache/activemq/ActiveMQConnectionFactory.java,458,458,"Added initial implementation to make ActiveMQConnectionFactory and ActiveMQDestination referenceable.

git-svn-id: https://svn.apache.org/repos/asf/incubator/activemq/trunk@368957 13f79535-47bb-0310-9956-ffa450edef68",75,67,1.55587673740903,1.5558767365231583,17
b9a4deed5d7d865d93712790b0b05655dabc81c1,2006-01-16 09:58:02+00:00,2006-01-16 09:58:02+00:00,activemq-core/src/main/java/org/apache/activemq/ActiveMQConnectionFactory.java,429,429,"- Made ActiveMQConnectionFactory and ActiveMQDestination referenceable.
- Ported to 4.x the jndi implementation from 3.x (JNDIStorableInterface, JNDIBaseStorable, JNDIReferenceFactory)
- Added a simple test case to test the object factory.


git-svn-id: https://svn.apache.org/repos/asf/incubator/activemq/trunk@369411 13f79535-47bb-0310-9956-ffa450edef68",71,66,1.5454041156584484,1.5454041140356347,18
5f5ccc052758d4dc78e885b74ed9d742f4b61c25,2006-02-28 19:47:39+00:00,2006-02-28 19:47:39+00:00,activemq-core/src/main/java/org/apache/activemq/ActiveMQConnectionFactory.java,441,441,"made it easier to copy connection factory objects

git-svn-id: https://svn.apache.org/repos/asf/incubator/activemq/trunk@381761 13f79535-47bb-0310-9956-ffa450edef68",72,67,1.552632778925793,1.5526327796583497,18
cedc2fb891c4e0cfd2e23a8a1d85dc3771c2628d,2006-03-09 07:42:26+00:00,2006-03-09 07:42:26+00:00,activemq-core/src/main/java/org/apache/activemq/ActiveMQConnectionFactory.java,451,451,"added an implementation of ActiveMQXAConnectionFactory for AMQ-624

git-svn-id: https://svn.apache.org/repos/asf/incubator/activemq/trunk@384454 13f79535-47bb-0310-9956-ffa450edef68",75,69,1.5636413089168997,1.5636413072596558,18
5fe0a4ca8ac2e033010be065e2348ad40d16bcd9,2006-03-10 17:03:31+00:00,2006-03-10 17:03:31+00:00,activemq-core/src/main/java/org/apache/activemq/ActiveMQConnectionFactory.java,467,467,"Added request(Command. timeout) to transport and added a timeout on
close from ActiveMQConnection

git-svn-id: https://svn.apache.org/repos/asf/incubator/activemq/trunk@384853 13f79535-47bb-0310-9956-ffa450edef68",77,72,1.5533411844308729,1.5533411847252898,18
d96414553254f3bbf37a2ffe8dfbb1d046771536,2006-04-11 19:09:11+00:00,2006-04-11 19:09:11+00:00,activemq-core/src/main/java/org/apache/activemq/ActiveMQConnectionFactory.java,502,502,"extra peformance tuning parameters

git-svn-id: https://svn.apache.org/repos/asf/incubator/activemq/trunk@393294 13f79535-47bb-0310-9956-ffa450edef68",82,78,1.5421833422655509,1.5421833437421377,18
653a7791f79a8ad55db225417df4c5ac029cb46b,2006-04-28 21:25:43+00:00,2006-04-28 21:25:43+00:00,activemq-core/src/main/java/org/apache/activemq/ActiveMQConnectionFactory.java,502,502,"Disable optimizeAcknowledge for now.  It is still not threadsafe.  Tests fail on on 2 core windows box when this is enabled.

git-svn-id: https://svn.apache.org/repos/asf/incubator/activemq/trunk@398016 13f79535-47bb-0310-9956-ffa450edef68",82,78,1.5422860703050758,1.5422860668482088,18
c6e0984e1dbf4afce4ac475e3f3c0bc29816bdf6,2006-05-04 03:45:59+00:00,2006-05-04 03:45:59+00:00,activemq-core/src/main/java/org/apache/activemq/ActiveMQConnectionFactory.java,502,502,"Enable optimized ack by default again but disable the broker from sending the prefetch resize command to the client.. the client still has not implemented proper thread safe handling for that.

git-svn-id: https://svn.apache.org/repos/asf/incubator/activemq/trunk@399530 13f79535-47bb-0310-9956-ffa450edef68",82,78,1.5421833422655509,1.5421833418417126,18
1b4eb127237fd2b27457b8eb8762281d2bf329c5,2006-06-08 15:50:29+00:00,2006-06-08 15:50:29+00:00,activemq-core/src/main/java/org/apache/activemq/ActiveMQConnectionFactory.java,491,491,"The onSendPrepareMessageBody connection property was not being used.  Removed it.


git-svn-id: https://svn.apache.org/repos/asf/incubator/activemq/trunk@412783 13f79535-47bb-0310-9956-ffa450edef68",80,75,1.5422810387536003,1.5422810391338408,18
7a386be93891dc331260160d0d76ced959f17f25,2006-06-09 07:38:25+00:00,2006-06-09 07:38:25+00:00,activemq-core/src/main/java/org/apache/activemq/ActiveMQConnectionFactory.java,491,491,"set default for optimize acknowledge to false
For performance - recommend use DUPS_OK acknowledge - at least its clear what your going to get -
and it performs better too

git-svn-id: https://svn.apache.org/repos/asf/incubator/activemq/trunk@412964 13f79535-47bb-0310-9956-ffa450edef68",80,75,1.5423750488446704,1.54237505011184,18
0f59ecc43341b23b63a2965e98f6031c48dfc89f,2006-06-23 03:06:28+00:00,2006-06-23 03:06:28+00:00,activemq-core/src/main/java/org/apache/activemq/ActiveMQConnectionFactory.java,505,505,"- Added null checking during property set to prevent NPE

git-svn-id: https://svn.apache.org/repos/asf/incubator/activemq/trunk@416549 13f79535-47bb-0310-9956-ffa450edef68",87,75,1.5433573755033436,1.5433573794446709,24
7f0e13571f8547f1f079dbc4cfc3bba42f646e9e,2006-07-01 18:08:24+00:00,2006-07-01 18:08:24+00:00,activemq-core/src/main/java/org/apache/activemq/ActiveMQConnectionFactory.java,524,524,"http://issues.apache.org/activemq/browse/AMQ-406

You can now configure the prefetchPolicy and redeliveryPolicy using the jndi properties.
You can also do it using the Broker URL



git-svn-id: https://svn.apache.org/repos/asf/incubator/activemq/trunk@418495 13f79535-47bb-0310-9956-ffa450edef68",93,76,1.5563342301157774,1.556334233660607,26
480433bd7414d22229fc1c03745fef7c30bbab55,2006-07-04 09:54:38+00:00,2006-07-04 09:54:38+00:00,activemq-core/src/main/java/org/apache/activemq/ActiveMQConnectionFactory.java,545,545,"fix for AMQ-792 to allow the async dispatch of messages to consumers to be easily configured & properly documented the javadoc. For more detail see http://activemq.org/site/consumer-dispatch-async.html

git-svn-id: https://svn.apache.org/repos/asf/incubator/activemq/trunk@418966 13f79535-47bb-0310-9956-ffa450edef68",93,76,1.5582384802315699,1.558238483810823,26
4b08ea5c0406d88d8be37f74f3439464f0a9111b,2006-07-04 10:28:25+00:00,2006-07-04 10:28:25+00:00,activemq-core/src/main/java/org/apache/activemq/ActiveMQConnectionFactory.java,612,612,"updated the javadoc of the connection & factory classes to match the documentation on the wiki http://incubator.apache.org/activemq/connection-configuration-uri.html

git-svn-id: https://svn.apache.org/repos/asf/incubator/activemq/trunk@418970 13f79535-47bb-0310-9956-ffa450edef68",96,79,1.5702011853862752,1.5702011824211517,26
7339c6efeae63a2d62b7028e4327b312799e5fa1,2006-07-23 10:00:37+00:00,2006-07-23 10:00:37+00:00,activemq-core/src/main/java/org/apache/activemq/ActiveMQConnectionFactory.java,645,645,"Added an optional clientIDPrefix property to allow auto-generated client Ids to be named to make it easier to manage a running system using JMX. Fixes AMQ-836
You can now specify this clientIDPrefix property on the ActiveMQConnectionFactory POJO or via a URI such as

tcp://localhost:61616?jms.clientIDPrefix=Cheese


git-svn-id: https://svn.apache.org/repos/asf/incubator/activemq/trunk@424697 13f79535-47bb-0310-9956-ffa450edef68",100,85,1.5643785542740882,1.564378550389354,31
57b494132549ebef6877bf47da3c3d5d776286e0,2006-07-28 03:04:41+00:00,2006-07-28 03:04:41+00:00,activemq-core/src/main/java/org/apache/activemq/ActiveMQConnectionFactory.java,646,646,"Applied new source header boiler plate per http://www.apache.org/legal/src-headers.html

git-svn-id: https://svn.apache.org/repos/asf/incubator/activemq/trunk@426366 13f79535-47bb-0310-9956-ffa450edef68",100,85,1.5643785542740882,1.56437854577532,31
4f945cf7e13dafc24d55ef9d5e4a9128af371a6a,2006-09-18 22:42:30+00:00,2006-09-18 22:42:30+00:00,activemq-core/src/main/java/org/apache/activemq/ActiveMQConnectionFactory.java,665,665,"Commiting awesome patch by Sepand Mavandadi to add ActiveMQ support for SSL authentication and authorization: https://issues.apache.org/activemq/browse/AMQ-912

git-svn-id: https://svn.apache.org/repos/asf/incubator/activemq/trunk@447607 13f79535-47bb-0310-9956-ffa450edef68",101,86,1.565062930488581,1.5650629244728915,31
526cb5bae8a0976e553a4072c8b82ec3fc07c768,2006-11-02 15:33:25+00:00,2006-11-02 15:33:25+00:00,activemq-core/src/main/java/org/apache/activemq/ActiveMQConnectionFactory.java,681,681,"make enabling statistics configurable

git-svn-id: https://svn.apache.org/repos/asf/incubator/activemq/trunk@470387 13f79535-47bb-0310-9956-ffa450edef68",104,88,1.5718768442160675,1.571876836887639,31
d71bc421f8a7eeec3640b52dc8c93c2db5cb33f8,2006-11-10 02:04:40+00:00,2006-11-10 02:04:40+00:00,activemq-core/src/main/java/org/apache/activemq/ActiveMQConnectionFactory.java,681,681,"We should let a client change the client id on a connection even if it was set on the connection factory.

git-svn-id: https://svn.apache.org/repos/asf/incubator/activemq/trunk@473167 13f79535-47bb-0310-9956-ffa450edef68",104,88,1.5718283525215582,1.5718283432462683,31
86faaef7c9e5e01f0563ebbea610d01e9511cecc,2006-11-16 12:08:22+00:00,2006-11-16 12:08:22+00:00,activemq-core/src/main/java/org/apache/activemq/ActiveMQConnectionFactory.java,695,695,"Fix for AMQ-1053. Added support for pluggable message transformation together with an implementation using XStream to marshall ObjectMessage instances as TextMessages. See the XStreamTransformTest to see how a producer can send ObjectMessages but then consumers can see either ObjectMessages or TextMessages depending on their requirements.

git-svn-id: https://svn.apache.org/repos/asf/incubator/activemq/trunk@475701 13f79535-47bb-0310-9956-ffa450edef68",106,91,1.5774101447676556,1.57741013643688,31
86cbdfd5db5b1c90c4a5f4dcdef702b0cf4901ce,2006-11-17 00:29:03+00:00,2006-11-17 00:29:03+00:00,activemq-core/src/main/java/org/apache/activemq/ActiveMQConnectionFactory.java,695,695,"Switching to Java 5.. Build and Runtime now require Java 5 see: http://www.nabble.com/Switching-to-ActiveMQ-4.2-to-Java-5----tf2637427.html
- Update maven build
- Removed dependency on concurrent-backport



git-svn-id: https://svn.apache.org/repos/asf/incubator/activemq/trunk@475999 13f79535-47bb-0310-9956-ffa450edef68",106,91,1.5774101447676556,1.5774101378621646,31
05a8cba7d06d4c2c0843238edae54af0b483b52a,2007-02-25 20:31:23+00:00,2007-02-25 20:31:23+00:00,activemq-core/src/main/java/org/apache/activemq/ActiveMQConnectionFactory.java,708,708,"An improvement of AMQ-1075 so that the BLOB upload policy can be configured more easily together with a simple provider of the BlobUploadStrategy (with the actual implementation detail stubbed out). Also added brokerUploadUrl to BrokerInfo so that the broker can inform the clients where to upload out-of-band messages to. Finally added a JMSXMimeType helper method to the ActiveMQ extension API for doing selectors on MIME types

git-svn-id: https://svn.apache.org/repos/asf/activemq/trunk@511598 13f79535-47bb-0310-9956-ffa450edef68",106,94,1.5772137445653622,1.577213739886415,31
3013c2020bcc65019a957017fcbda3ae5b79dac8,2007-02-26 11:04:18+00:00,2007-02-26 11:04:18+00:00,activemq-core/src/main/java/org/apache/activemq/ActiveMQConnectionFactory.java,708,708,"updated wiki links in source code to point to the graduated site

git-svn-id: https://svn.apache.org/repos/asf/activemq/trunk@511784 13f79535-47bb-0310-9956-ffa450edef68",106,94,1.5772137445653622,1.5772137388335734,31
52c22cca2e6175c491264b793f73503b7f81db15,2007-02-26 13:13:54+00:00,2007-02-26 13:13:54+00:00,activemq-core/src/main/java/org/apache/activemq/ActiveMQConnectionFactory.java,714,714,"added a simple default cut of the DefaultBlobUploadStrategy implementation along with a test case for the URI based configuration

git-svn-id: https://svn.apache.org/repos/asf/activemq/trunk@511798 13f79535-47bb-0310-9956-ffa450edef68",107,94,1.5768604609458008,1.5768604584520125,32
3753442b1848c2198a5433b92f75f162e088ffae,2007-02-26 15:03:24+00:00,2007-02-26 15:03:24+00:00,activemq-core/src/main/java/org/apache/activemq/ActiveMQConnectionFactory.java,715,715,"added jndi support for BlobTransferPolicy

git-svn-id: https://svn.apache.org/repos/asf/activemq/trunk@511841 13f79535-47bb-0310-9956-ffa450edef68",107,94,1.5760499580595104,1.5760499561226538,32
4e2acd4a77a39ed74dfb692c2978248fba3a4946,2007-03-01 22:43:47+00:00,2007-03-01 22:43:47+00:00,activemq-core/src/main/java/org/apache/activemq/ActiveMQConnectionFactory.java,732,732,"provide the option to always send messages synchronously - even if the messages are 
non-persistent

git-svn-id: https://svn.apache.org/repos/asf/activemq/trunk@513543 13f79535-47bb-0310-9956-ffa450edef68",109,97,1.5715780149796443,1.5715780123324365,32
e5b45f6b4b60e72841166200245899b1a588691d,2007-03-05 16:00:25+00:00,2007-03-05 16:00:25+00:00,activemq-core/src/main/java/org/apache/activemq/ActiveMQConnectionFactory.java,736,736,"ported fix to trunk : 
http://issues.apache.org/activemq/browse/AMQ-1177

git-svn-id: https://svn.apache.org/repos/asf/activemq/trunk@514717 13f79535-47bb-0310-9956-ffa450edef68",109,97,1.5716423472798926,1.5716423432502937,32
bd7d59c38f5b90d8b089520abf05ad9cbc8046b5,2007-03-05 18:04:44+00:00,2007-03-05 18:04:44+00:00,activemq-core/src/main/java/org/apache/activemq/ActiveMQConnectionFactory.java,752,752,"ported fix to trunk : 
http://issues.apache.org/activemq/browse/AMQ-1176

git-svn-id: https://svn.apache.org/repos/asf/activemq/trunk@514754 13f79535-47bb-0310-9956-ffa450edef68",112,102,1.5770681174250973,1.5770681143620644,32
c9bb1c97b2364c5584f8962522a622c5bf13ed80,2007-03-08 18:44:03+00:00,2007-03-08 18:44:03+00:00,activemq-core/src/main/java/org/apache/activemq/ActiveMQConnectionFactory.java,763,763,"Adding the client side bits needed to implement producer flow control using a window.  Currently disabled since 
the server side bits still need implementing.



git-svn-id: https://svn.apache.org/repos/asf/activemq/trunk@516139 13f79535-47bb-0310-9956-ffa450edef68",113,106,1.5813811062646965,1.5813811028573914,32
489f5aa2046a610f15360a7c53cc530020cf8394,2007-03-15 01:45:49+00:00,2007-03-15 01:45:49+00:00,activemq-core/src/main/java/org/apache/activemq/ActiveMQConnectionFactory.java,759,759,"- Propagate the AlwaysSyncSend setting from the ConnectionFactory to the Connection
- Got rid of the UseSyncSend property since AlwaysSyncSend was already there and did the same thing.
- Updated VMPendingMessageCursor so that it updates the reference counters of the message so that the usage managers are properly updated since the messages are being kept in memory.
- Updated the region Queue so that it decrements the usage in the case of a transaction.
- Enabled the ProducerFlowControlTest since it is now working.


git-svn-id: https://svn.apache.org/repos/asf/activemq/trunk@518437 13f79535-47bb-0310-9956-ffa450edef68",112,104,1.58646491522657,1.5864649080547653,32
9d53c53dc81aa17cef18c86131cd37c57b91392b,2007-05-24 10:28:32+00:00,2007-05-24 10:28:32+00:00,activemq-core/src/main/java/org/apache/activemq/ActiveMQConnectionFactory.java,778,778,"improvement for AMQ-1253 so that the ConnectionFactory can be configured with the warning timeout (or have the warning disabled all together)

git-svn-id: https://svn.apache.org/repos/asf/activemq/trunk@541259 13f79535-47bb-0310-9956-ffa450edef68",115,107,1.5888578869946146,1.5888578858189442,32
72cee90f7a6b5bc8109fc97ca69bf4939a22fd50,2007-05-24 10:31:16+00:00,2007-05-24 10:31:16+00:00,activemq-core/src/main/java/org/apache/activemq/ActiveMQConnectionFactory.java,778,778,"fixed typeo

git-svn-id: https://svn.apache.org/repos/asf/activemq/trunk@541260 13f79535-47bb-0310-9956-ffa450edef68",115,107,1.5888578869946146,1.5888578865617884,32
a92fb28d75f92b6fe4584b2b49d8b802464c839d,2007-05-24 10:41:12+00:00,2007-05-24 10:41:12+00:00,activemq-core/src/main/java/org/apache/activemq/ActiveMQConnectionFactory.java,779,779,"tidied up javadoc

git-svn-id: https://svn.apache.org/repos/asf/activemq/trunk@541261 13f79535-47bb-0310-9956-ffa450edef68",115,107,1.5888578869946146,1.5888578865617884,32
0b769eee01859cd16e3cf418f10ff533d681303a,2007-06-26 04:57:31+00:00,2007-06-26 04:57:31+00:00,activemq-core/src/main/java/org/apache/activemq/ActiveMQConnectionFactory.java,779,779,"when seeting watcgTopicAdvisories on the connection - use the getter Method on the ConnectionFactory to retrieve the value

git-svn-id: https://svn.apache.org/repos/asf/activemq/trunk@550686 13f79535-47bb-0310-9956-ffa450edef68",115,107,1.5884204932117945,1.5884204910063822,32
a3e382199cd45169ebad5c2c1544d67ac7314412,2007-06-27 18:53:30+00:00,2007-06-27 18:53:30+00:00,activemq-core/src/main/java/org/apache/activemq/ActiveMQConnectionFactory.java,779,779,"ensure member variables are always synchronized 

git-svn-id: https://svn.apache.org/repos/asf/activemq/trunk@551271 13f79535-47bb-0310-9956-ffa450edef68",115,107,1.5884151760589538,1.5884151754160651,32
3d862f0dfb8bc097ff6a4e45e0cc25b06e498e9d,2007-07-05 12:21:37+00:00,2007-07-05 12:21:37+00:00,activemq-core/src/main/java/org/apache/activemq/ActiveMQConnectionFactory.java,794,794,"allow the exclusive queue consumer flag to be defaulted on a connection factory / connection

git-svn-id: https://svn.apache.org/repos/asf/activemq/trunk@553473 13f79535-47bb-0310-9956-ffa450edef68",116,110,1.5871652569113845,1.5871652527318925,32
677c22b4d572aba484582f1ea97c99abf9ae9546,2007-07-08 05:39:00+00:00,2007-07-08 05:39:00+00:00,activemq-core/src/main/java/org/apache/activemq/ActiveMQConnectionFactory.java,801,801,"Added support for custom destinations; for example to allow Camel endpoints to be used from within the JMS client

git-svn-id: https://svn.apache.org/repos/asf/activemq/trunk@554315 13f79535-47bb-0310-9956-ffa450edef68",120,111,1.5883887734905433,1.5883887702014654,32
230a86c4897e10fbc5e7384b064cc526395d47e5,2007-08-08 15:52:25+00:00,2007-08-08 15:52:25+00:00,activemq-core/src/main/java/org/apache/activemq/ActiveMQConnectionFactory.java,799,799,"Fixing a bunch of checkstyle violations


git-svn-id: https://svn.apache.org/repos/asf/activemq/trunk@563921 13f79535-47bb-0310-9956-ffa450edef68",117,111,1.579710947809145,1.5797109405744765,35
74a7a8bbfc8012bf0842b1eec891a8545f9944cb,2007-08-09 00:34:07+00:00,2007-08-09 00:34:07+00:00,activemq-core/src/main/java/org/apache/activemq/ActiveMQConnectionFactory.java,800,800,"More checkstyle fixes

git-svn-id: https://svn.apache.org/repos/asf/activemq/trunk@564057 13f79535-47bb-0310-9956-ffa450edef68",118,111,1.579710947809145,1.5797109441465085,35
fc00993839c69f86823870e06a335d035db48bb2,2007-08-09 16:37:49+00:00,2007-08-09 16:37:49+00:00,activemq-core/src/main/java/org/apache/activemq/ActiveMQConnectionFactory.java,800,800,"More checkstyle violation fixes

git-svn-id: https://svn.apache.org/repos/asf/activemq/trunk@564271 13f79535-47bb-0310-9956-ffa450edef68",118,111,1.5819474460421783,1.58194744026659,35
ecf89a60bfd8089d1b1de5666bd2e9d5938abe8e,2007-08-10 16:57:01+00:00,2007-08-10 16:57:01+00:00,activemq-core/src/main/java/org/apache/activemq/ActiveMQConnectionFactory.java,801,801,"More checkstyle violation fixes

git-svn-id: https://svn.apache.org/repos/asf/activemq/trunk@564679 13f79535-47bb-0310-9956-ffa450edef68",118,111,1.5820587175636343,1.5820587108669462,35
933eb2f9e4040a3a9200b1a461dc4e004aafbf81,2007-08-11 00:49:19+00:00,2007-08-11 00:49:19+00:00,activemq-core/src/main/java/org/apache/activemq/ActiveMQConnectionFactory.java,803,803,"More checkstyle fixes and Generics usage.

git-svn-id: https://svn.apache.org/repos/asf/activemq/trunk@564814 13f79535-47bb-0310-9956-ffa450edef68",118,111,1.5818611343431237,1.5818611279968648,35
d48322690fcad77c6ff557899000278c5bab3824,2007-09-26 08:08:14+00:00,2007-09-26 08:08:14+00:00,activemq-core/src/main/java/org/apache/activemq/ActiveMQConnectionFactory.java,824,824,"added patch for AMQ-1434 to allow transport listeners to be used with a connection factory for easy integration with Spring JmsTemplate etc

git-svn-id: https://svn.apache.org/repos/asf/activemq/trunk@579498 13f79535-47bb-0310-9956-ffa450edef68",120,114,1.5745911074765273,1.5745911044225787,37
62fb85e6b9a18cd853022e10098fd6d07c9ad34a,2008-04-08 17:00:13+00:00,2008-04-08 17:00:13+00:00,activemq-core/src/main/java/org/apache/activemq/ActiveMQConnectionFactory.java,824,824,"Fix for https://issues.apache.org/activemq/browse/AMQ-1646

git-svn-id: https://svn.apache.org/repos/asf/activemq/trunk@645999 13f79535-47bb-0310-9956-ffa450edef68",120,114,1.5738931824760527,1.5738931785551855,37
3f98639235a042b2f0c0da920554ad38b02f7e3e,2008-04-09 07:11:08+00:00,2008-04-09 07:11:08+00:00,activemq-core/src/main/java/org/apache/activemq/ActiveMQConnectionFactory.java,825,825,"updates for https://issues.apache.org/activemq/browse/AMQ-1645

git-svn-id: https://svn.apache.org/repos/asf/activemq/trunk@646205 13f79535-47bb-0310-9956-ffa450edef68",120,115,1.5803321504276315,1.58033214961033,37
114a923779c6297c78f515b20d66e5b60f209b35,2008-04-09 17:02:04+00:00,2008-04-09 17:02:04+00:00,activemq-core/src/main/java/org/apache/activemq/ActiveMQConnectionFactory.java,843,843,"Updated to support sendTimeouts - see https://issues.apache.org/activemq/browse/AMQ-1517

git-svn-id: https://svn.apache.org/repos/asf/activemq/trunk@646437 13f79535-47bb-0310-9956-ffa450edef68",123,118,1.5722844183643738,1.5722844163791876,37
d8b5d5c4cd6b695b6e28e56fe18909c3a12a865e,2008-05-20 08:14:47+00:00,2008-05-20 08:14:47+00:00,activemq-core/src/main/java/org/apache/activemq/ActiveMQConnectionFactory.java,860,860,"Fix for https://issues.apache.org/activemq/browse/AMQ-1735

git-svn-id: https://svn.apache.org/repos/asf/activemq/trunk@658154 13f79535-47bb-0310-9956-ffa450edef68",125,121,1.5665322635325745,1.5665322636002994,37
d8a0ca2fedae4384abc47ffc8fc309d4b862ce32,2008-06-19 16:51:00+00:00,2008-06-19 16:51:00+00:00,activemq-core/src/main/java/org/apache/activemq/ActiveMQConnectionFactory.java,861,861,"Fix for https://issues.apache.org/activemq/browse/AMQ-1804

git-svn-id: https://svn.apache.org/repos/asf/activemq/trunk@669555 13f79535-47bb-0310-9956-ffa450edef68",125,121,1.5665322635325745,1.5665322646934638,37
932ddd2318b883e07208a4047e1e80d2718b1352,2008-09-02 07:07:43+00:00,2008-09-02 07:07:43+00:00,activemq-core/src/main/java/org/apache/activemq/ActiveMQConnectionFactory.java,862,862,"Fix for https://issues.apache.org/activemq/browse/AMQ-1915

git-svn-id: https://svn.apache.org/repos/asf/activemq/trunk@691130 13f79535-47bb-0310-9956-ffa450edef68",125,121,1.566712494138491,1.566712494492593,37
8b9e755035c0cd901da6083f48f53b9ad2f763e4,2009-01-12 15:48:07+00:00,2009-01-12 15:48:07+00:00,activemq-core/src/main/java/org/apache/activemq/ActiveMQConnectionFactory.java,885,885,"resolve AMQ-2062 - add setExceptionListener to amq connection factory - 

git-svn-id: https://svn.apache.org/repos/asf/activemq/trunk@733811 13f79535-47bb-0310-9956-ffa450edef68",128,124,1.5639113609468458,1.5639113607605328,39
2a58f4c3a2a0a27ac51b25273239008e05126607,2009-03-13 12:33:18+00:00,2009-03-13 12:33:18+00:00,activemq-core/src/main/java/org/apache/activemq/ActiveMQConnectionFactory.java,907,907,"fix for https://issues.apache.org/activemq/browse/AMQ-2160

git-svn-id: https://svn.apache.org/repos/asf/activemq/trunk@753222 13f79535-47bb-0310-9956-ffa450edef68",132,130,1.5712085469268413,1.5712085439248644,39
d3649fc7091be2e2e52bc19c838a94a9ca137d6d,2009-07-10 11:10:30+00:00,2009-07-10 11:10:30+00:00,activemq-core/src/main/java/org/apache/activemq/ActiveMQConnectionFactory.java,906,906,"fix for https://issues.apache.org/activemq/browse/AMQ-1804 - connection factory xbean

git-svn-id: https://svn.apache.org/repos/asf/activemq/trunk@792884 13f79535-47bb-0310-9956-ffa450edef68",132,130,1.5712085469268413,1.5712085447434705,39
c808bebd00064c6c1d2c702f10e249e6e2f99254,2009-11-13 15:22:07+00:00,2009-11-13 15:22:07+00:00,activemq-core/src/main/java/org/apache/activemq/ActiveMQConnectionFactory.java,916,916,"resolve https://issues.apache.org/activemq/browse/AMQ-2483 and https://issues.apache.org/activemq/browse/AMQ-2028, keep track of outstanding wakeup requests in a queue with regular task runner avoids build up in determintic task runner. Exposed useDeterministicTaskRunner to validate some test that fail with the -DuseDedicatedTaskRunner=true system property. With broker.useDedicatedTask=false, Queues will use pooled executor for dispatch.


git-svn-id: https://svn.apache.org/repos/asf/activemq/trunk@835874 13f79535-47bb-0310-9956-ffa450edef68",134,133,1.5694587169687,1.5694587192454919,39
b836af84f064cfcf6d92dda16b534be13adadb72,2010-02-04 11:06:13+00:00,2010-02-04 11:06:13+00:00,activemq-core/src/main/java/org/apache/activemq/ActiveMQConnectionFactory.java,926,926,"further evolution of resolution for https://issues.apache.org/activemq/browse/AMQ-2590 - indoubt transactions are now rolledback, pending transactions can wait for jms.consumerFailoverRedeliveryWaitPeriod for redeliveries before rolling back. If previously delivered messages are not replayed the transaction is rolledback

git-svn-id: https://svn.apache.org/repos/asf/activemq/trunk@906450 13f79535-47bb-0310-9956-ffa450edef68",136,136,1.5694924381225974,1.569492437868719,39
f82dc25eae3cf892ce244c1c1babf0dc99a33d47,2010-03-03 10:28:54+00:00,2010-03-03 10:28:54+00:00,activemq-core/src/main/java/org/apache/activemq/ActiveMQConnectionFactory.java,948,948,"resolve https://issues.apache.org/activemq/browse/AMQ-2635

git-svn-id: https://svn.apache.org/repos/asf/activemq/trunk@918384 13f79535-47bb-0310-9956-ffa450edef68",138,139,1.5708341372851435,1.5708341384578368,41
794e62fbaacb17ec9abff107ad49e28ac5df8187,2010-06-14 19:21:21+00:00,2010-06-14 19:21:21+00:00,activemq-core/src/main/java/org/apache/activemq/ActiveMQConnectionFactory.java,965,965,"Fix for https://issues.apache.org/activemq/browse/AMQ-2777

git-svn-id: https://svn.apache.org/repos/asf/activemq/trunk@954599 13f79535-47bb-0310-9956-ffa450edef68",138,142,1.572873227982639,1.572873230123762,41
c14dc3a06fb4b25db3e69f232ea565a4ff161824,2010-06-22 15:20:49+00:00,2010-06-22 15:20:49+00:00,activemq-core/src/main/java/org/apache/activemq/ActiveMQConnectionFactory.java,982,982,"Fix for https://issues.apache.org/activemq/browse/AMQ-2790

git-svn-id: https://svn.apache.org/repos/asf/activemq/trunk@956918 13f79535-47bb-0310-9956-ffa450edef68",140,145,1.5718290425846393,1.5718290461450868,41
f9379664f702ea373d759647ee9cfb03843f7a36,2010-09-16 12:32:54+00:00,2010-09-16 12:32:54+00:00,activemq-core/src/main/java/org/apache/activemq/ActiveMQConnectionFactory.java,983,983,"propagate the closeTimeout attribute to a new connection

git-svn-id: https://svn.apache.org/repos/asf/activemq/trunk@997719 13f79535-47bb-0310-9956-ffa450edef68",140,145,1.5716110208707275,1.5716110282768638,41
b0c2a40fb979829ceca2ca51858ca67269bd5992,2011-02-16 14:08:48+00:00,2011-02-16 14:08:48+00:00,activemq-core/src/main/java/org/apache/activemq/ActiveMQConnectionFactory.java,983,983,"Removing svn keywords, they don't have much value and just add additional noise when diffing source trees.

git-svn-id: https://svn.apache.org/repos/asf/activemq/trunk@1071259 13f79535-47bb-0310-9956-ffa450edef68",140,145,1.5716110208707275,1.5716110288590717,41
b9045dba98f053e31fb93922978334b126ad146b,2011-03-31 15:11:09+00:00,2011-03-31 15:11:09+00:00,activemq-core/src/main/java/org/apache/activemq/ActiveMQConnectionFactory.java,1009,1009,"https://issues.apache.org/jira/browse/AMQ-3253 - Support Temporary Destinations in a network without advisories. Allow the connection id generator prefix to be set via a connection factory such that temp identies can be configured such that they are suitable for inclusion in a network list of statically included destintions. Allow auto recreation of temp destinations by a new producer and tie lifecycle to the producers connection. This allows configurable support for request reply with temps in a network with advisory support disabled

git-svn-id: https://svn.apache.org/repos/asf/activemq/trunk@1087330 13f79535-47bb-0310-9956-ffa450edef68",143,150,1.568056759587113,1.5680567696286338,46
975fc55b2ae9de9ed630f69812914dc8267655df,2011-05-20 16:37:39+00:00,2011-05-20 16:37:39+00:00,activemq-core/src/main/java/org/apache/activemq/ActiveMQConnectionFactory.java,1022,1022,"https://issues.apache.org/jira/browse/AMQ-3332 - Make optimizeAckTimeout configurable to allow for different network latencies. Added attribute optimizeAcknowledgeTimeOut to ActiveMQConnectionFactory and ActiveMQConnection to make this configurble. A value of 0 disables, default stays at 300ms

git-svn-id: https://svn.apache.org/repos/asf/activemq/trunk@1125454 13f79535-47bb-0310-9956-ffa450edef68",145,153,1.5654712118302512,1.5654712216389095,46
2030097e01c6ea65236bfc9616ed3b158f4ef7b8,2011-09-30 11:59:44+00:00,2011-09-30 11:59:44+00:00,activemq-core/src/main/java/org/apache/activemq/ActiveMQConnectionFactory.java,1040,1040,"https://issues.apache.org/jira/browse/AMQ-3519 - Allow JMSRedelivered flag to survive a restart. Add transactedIndividualAck flag to connection factory and rewriteOnRedelivery to KahaDBPersistenceAdapter. These combine to persist the redelivery status on a rollback

git-svn-id: https://svn.apache.org/repos/asf/activemq/trunk@1177619 13f79535-47bb-0310-9956-ffa450edef68",149,156,1.5683168466612625,1.5683168556355371,46
fa4025086337dcfd24ebccdd67647e9801aeba13,2011-10-20 15:04:21+00:00,2011-10-20 15:04:21+00:00,activemq-core/src/main/java/org/apache/activemq/ActiveMQConnectionFactory.java,1061,1061,"Fix for: https://issues.apache.org/jira/browse/AMQ-2240

URI options that are unmatched should result in an error 
to prevent subtle errors in configuration.

git-svn-id: https://svn.apache.org/repos/asf/activemq/trunk@1186842 13f79535-47bb-0310-9956-ffa450edef68",151,156,1.5644713443996292,1.5644713518687585,48
0b6bf7ec1ba9df68ae6492408d482c984849c31c,2011-10-31 18:54:19+00:00,2011-10-31 18:54:19+00:00,activemq-core/src/main/java/org/apache/activemq/ActiveMQConnectionFactory.java,1077,1077,"Fix for: https://issues.apache.org/jira/browse/AMQ-1853

Tests included.

git-svn-id: https://svn.apache.org/repos/asf/activemq/trunk@1195615 13f79535-47bb-0310-9956-ffa450edef68",153,159,1.5626506985241424,1.562650708485571,48
44488a5bc3d872d39e847776cd955b7f374189b8,2011-11-29 19:52:37+00:00,2011-11-29 19:52:37+00:00,activemq-core/src/main/java/org/apache/activemq/ActiveMQConnectionFactory.java,1078,1078,"https://issues.apache.org/jira/browse/AMQ-3607 - added test case and use of connectionFactory.setOptimizeAcknowledgeTimeOut, the test is breaking becauee of message discarding when the acks are not immediate, made some small mods to make the test work and fixed up the setter for connectionFactory.setOptimizeAcknowledgeTimeOut

git-svn-id: https://svn.apache.org/repos/asf/activemq/trunk@1208048 13f79535-47bb-0310-9956-ffa450edef68",153,159,1.5630348813973909,1.5630348912998613,48
09ff99fbfa702b57fd41a9ebc48a4b9e3cda939d,2012-03-05 12:16:40+00:00,2012-03-05 12:16:40+00:00,activemq-core/src/main/java/org/apache/activemq/ActiveMQConnectionFactory.java,1078,1078,"https://issues.apache.org/jira/browse/AMQ-1706 - fix up doc comment

git-svn-id: https://svn.apache.org/repos/asf/activemq/trunk@1297025 13f79535-47bb-0310-9956-ffa450edef68",153,159,1.5630348813973909,1.563034891880934,48
76537741fc017ae36fc78e2b251edfbc0bce17e8,2012-04-11 13:54:11+00:00,2012-04-11 13:54:11+00:00,activemq-core/src/main/java/org/apache/activemq/ActiveMQConnectionFactory.java,1082,1082,"Fix for: https://issues.apache.org/jira/browse/AMQ-3788

git-svn-id: https://svn.apache.org/repos/asf/activemq/trunk@1324765 13f79535-47bb-0310-9956-ffa450edef68",155,159,1.563457004245771,1.5634570139529282,48
a3836b562d019ad1ce637bf1341c1fc3775c7113,2012-07-03 20:45:12+00:00,2012-07-03 20:45:12+00:00,activemq-core/src/main/java/org/apache/activemq/ActiveMQConnectionFactory.java,1098,1098,"fix for: https://issues.apache.org/jira/browse/AMQ-3224

git-svn-id: https://svn.apache.org/repos/asf/activemq/trunk@1356927 13f79535-47bb-0310-9956-ffa450edef68",157,161,1.5748750903555326,1.5748750964860632,48
c33231bd439f02e8651d28f16ad273fa5eed384d,2012-07-20 14:09:21+00:00,2012-07-20 14:09:21+00:00,activemq-core/src/main/java/org/apache/activemq/ActiveMQConnectionFactory.java,1119,1119,"https://issues.apache.org/jira/browse/AMQ-3885 - limiting number of threads used by session executor and provide a way to set custom task runner factory

git-svn-id: https://svn.apache.org/repos/asf/activemq/trunk@1363790 13f79535-47bb-0310-9956-ffa450edef68",161,167,1.571311091186626,1.5713111007776859,48
6da702be236fcd76f33497263193cbca5d5bb5f7,2012-07-25 22:04:34+00:00,2012-07-25 22:04:34+00:00,activemq-core/src/main/java/org/apache/activemq/ActiveMQConnectionFactory.java,1119,1119,"fix test case UnifiedSessionTest for: https://issues.apache.org/jira/browse/AMQ-3944

ActiveMQConnection had no way to tell if it was a QueueConnection or not.  

git-svn-id: https://svn.apache.org/repos/asf/activemq/trunk@1365816 13f79535-47bb-0310-9956-ffa450edef68",161,167,1.5715796327330298,1.571579641770513,48
e3fcf71ca64f3be62c008fd64cdd29f3d4c93278,2012-07-26 10:45:42+00:00,2012-07-26 10:45:42+00:00,activemq-core/src/main/java/org/apache/activemq/ActiveMQConnectionFactory.java,1130,1130,"https://issues.apache.org/jira/browse/AMQ-3885 - allow setting resjected task handler on thread pool executor

git-svn-id: https://svn.apache.org/repos/asf/activemq/trunk@1365943 13f79535-47bb-0310-9956-ffa450edef68",163,170,1.5742727920731627,1.5742728018306427,48
9cda4262e96a31a2bee1f3271030da0341f452c2,2012-07-26 11:13:46+00:00,2012-07-26 11:13:46+00:00,activemq-core/src/main/java/org/apache/activemq/ActiveMQConnectionFactory.java,1131,1131,"https://issues.apache.org/jira/browse/AMQ-3885 - add max thread pool size to properties

git-svn-id: https://svn.apache.org/repos/asf/activemq/trunk@1365945 13f79535-47bb-0310-9956-ffa450edef68",163,170,1.5742727922077089,1.5742728017061407,48
fefb228698a4ed478c975d5ec624539f0deb972e,2012-07-26 21:07:01+00:00,2012-07-26 21:07:01+00:00,activemq-core/src/main/java/org/apache/activemq/ActiveMQConnectionFactory.java,1133,1133,"fix for: https://issues.apache.org/jira/browse/AMQ-3947

git-svn-id: https://svn.apache.org/repos/asf/activemq/trunk@1366202 13f79535-47bb-0310-9956-ffa450edef68",163,170,1.5744523947514522,1.5744524025022064,48
c30dd0c0bacf5d2ab2ed4c640da3f4997adf164b,2012-09-05 14:08:48+00:00,2012-09-05 14:08:48+00:00,activemq-core/src/main/java/org/apache/activemq/ActiveMQConnectionFactory.java,1120,1120,"AMQ-4016: Removed not used static thread pool from ActiveMQConnectionFactory.

git-svn-id: https://svn.apache.org/repos/asf/activemq/trunk@1381191 13f79535-47bb-0310-9956-ffa450edef68",161,169,1.5724622064011455,1.5724622160529569,48
3d5a758666f24c8226d35c7ceae3dc3dc8fd2ea1,2012-09-18 10:12:30+00:00,2012-09-18 10:12:30+00:00,activemq-core/src/main/java/org/apache/activemq/ActiveMQConnectionFactory.java,1143,1143,"fix for: https://issues.apache.org/jira/browse/AMQ-3664

Added now option to connection and consumer to allow for configuration of a time interval upon which all the outstanding acks are delivered when optimized acknowledge is used so that a long running consumer that doesn't receive any more messages will eventually ack the last few unacked messages.

git-svn-id: https://svn.apache.org/repos/asf/activemq/trunk@1387079 13f79535-47bb-0310-9956-ffa450edef68",163,172,1.57467388252401,1.5746738932284219,48
de7617e9c782728063b8671dbe67af096c4f0e9d,2012-09-21 03:31:13+00:00,2012-09-21 03:31:13+00:00,activemq-core/src/main/java/org/apache/activemq/ActiveMQConnectionFactory.java,1143,1143,"fix for: https://issues.apache.org/jira/browse/AMQ-730

Update some JavaDocs

git-svn-id: https://svn.apache.org/repos/asf/activemq/trunk@1388313 13f79535-47bb-0310-9956-ffa450edef68",163,172,1.57467388252401,1.574673893522549,48
9a8f6e415db43a4e43ad42a87b3617b3641aa07d,2012-11-07 05:00:17+00:00,2012-11-07 05:00:17+00:00,activemq-client/src/main/java/org/apache/activemq/ActiveMQConnectionFactory.java,1143,1143,"Refactored the classes needed to run an ActiveMQ JMS client out from the activemq-core module to the activemq-client module.

git-svn-id: https://svn.apache.org/repos/asf/activemq/trunk@1406466 13f79535-47bb-0310-9956-ffa450edef68",163,172,1.57467388252401,1.574673893522549,48
77fe814b9ec7970cec70833be0754fa8345eac38,2013-04-04 14:33:09+00:00,2013-04-04 14:33:09+00:00,activemq-client/src/main/java/org/apache/activemq/ActiveMQConnectionFactory.java,1151,1151,"fix for: https://issues.apache.org/jira/browse/AMQ-4435

git-svn-id: https://svn.apache.org/repos/asf/activemq/trunk@1464568 13f79535-47bb-0310-9956-ffa450edef68",163,172,1.575243804463317,1.5752438117061254,48
b66559ee079bd55bfc49daae6b95b79706147fbe,2013-09-30 23:09:25+01:00,2013-09-30 23:08:40+01:00,activemq-client/src/main/java/org/apache/activemq/ActiveMQConnectionFactory.java,1152,1152,https://issues.apache.org/jira/browse/AMQ-4757 activemq-jms-pool a generic jms xa pool derived from activemq-pool which activemq-pool now extends with amq specifics,163,173,1.5752125459756214,1.5752125568826818,48
b21dc69e815a97da922f5122d124d317aab7b78e,2013-12-09 09:14:38-07:00,2013-12-09 09:14:38-07:00,activemq-client/src/main/java/org/apache/activemq/ActiveMQConnectionFactory.java,1152,1152,"added time unit for ""send timeout"" in the javadocs",163,173,1.5752125459756214,1.5752125535160306,48
71e45856897dd96d403e01fdf1f912b1420444c8,2013-12-10 09:10:33+00:00,2013-12-10 09:09:21+00:00,activemq-client/src/main/java/org/apache/activemq/ActiveMQConnectionFactory.java,1208,1208,Fix for https://issues.apache.org/jira/browse/AMQ-4825,166,179,1.6057178233871034,1.6057178323759254,54
642cc432160067a11ff36dcadd4aeb7c4cbbccdc,2014-10-22 14:42:45-04:00,2014-10-22 14:42:45-04:00,activemq-client/src/main/java/org/apache/activemq/ActiveMQConnectionFactory.java,1247,1247,"https://issues.apache.org/jira/browse/AMQ-5406

Add support for disable of consumer expiration checks.",172,185,1.599972141801521,1.5999721540341907,54
2d9959a6f6f33f7138606073e425a74261ec3125,2014-12-15 14:21:47+00:00,2014-12-15 14:12:08+00:00,activemq-client/src/main/java/org/apache/activemq/ActiveMQConnectionFactory.java,1247,1247,https://issues.apache.org/jira/browse/AMQ-5476 - ZeroPrefetchConsumerTest regression - fix default in connection factory and refactor prefetchExtension support -  https://issues.apache.org/activemq/browse/AMQ-2560,172,185,1.600233055263662,1.6002330691871984,54
61b2f6b40e06a5fd72077a4abcca7faadc07e3e4,2015-08-05 18:13:42-04:00,2015-08-05 18:13:42-04:00,activemq-client/src/main/java/org/apache/activemq/ActiveMQConnectionFactory.java,1247,1247,Fix some javadoc warnings and spelling errors in the docs.,172,185,1.600233055263662,1.6002330691871984,54
04ee70a161b463f69692debea623d754a5c781c2,2015-08-11 19:39:29+00:00,2015-07-16 18:23:24+00:00,activemq-client/src/main/java/org/apache/activemq/ActiveMQConnectionFactory.java,1263,1263,"https://issues.apache.org/jira/browse/AMQ-5889

Adding support for auto detection of wire protocols over a transport.
OpenWire, AMQP, STOMP, and MQTT can all be detected and the broker
will properly handle each one over a given Transport.  Currently
auto TCP, NIO, SSL, and NIO+SSL transports can handle auto-detection
of the wire format and client but support could be added in the
future for other transports like websockets.",173,185,1.600782557689068,1.600782568175456,63
94446e53dc348b9109dff46e92484ed9e6cc1d72,2015-12-14 13:50:42+01:00,2015-12-14 13:50:27+01:00,activemq-client/src/main/java/org/apache/activemq/ActiveMQConnectionFactory.java,1281,1281,https://issues.apache.org/jira/browse/AMQ-6077 - define object message trusted packages on connection factory,177,191,1.6059939933397949,1.6059940035764102,63
eeec0c07b06e6121ed33e20f7c663214538d0da1,2015-12-15 13:34:02+01:00,2015-12-15 13:33:49+01:00,activemq-client/src/main/java/org/apache/activemq/ActiveMQConnectionFactory.java,1278,1278,https://issues.apache.org/jira/browse/AMQ-6077 - define default values (based on system property) for connection factory and object message,177,191,1.6062778078794648,1.606277821051453,63
f43c090809bbb59d86ffac8f8105f08a71142aaa,2016-07-18 11:30:38-04:00,2016-07-18 11:30:38-04:00,activemq-client/src/main/java/org/apache/activemq/ActiveMQConnectionFactory.java,1289,1289,"https://issues.apache.org/jira/browse/AMQ-6362

Add option connectResponseTimeout to allow a stuck connection in
ensureConnectionInfoSent from stalling out a client.  Timeout is
disabled by default.",179,194,1.604053031525131,1.6040530430076985,63
d54d046b8a8f2e9e5c0a28e1f8c7634b3c8b18e4,2016-11-03 11:54:33-04:00,2016-11-03 11:54:33-04:00,activemq-client/src/main/java/org/apache/activemq/ActiveMQConnectionFactory.java,1289,1289,This closes #185. Won't fix. (fix more file permissions),179,194,1.604053031525131,1.6040530444696772,63
67256c61b1560127e3a56ba9dede61cad3001f4a,2021-11-10 11:56:04-06:00,2021-11-10 11:56:04-06:00,activemq-client/src/main/java/org/apache/activemq/ActiveMQConnectionFactory.java,1322,1322,"[AMQ-7309] Update to jakarta.jms/jakarta.jms-api:2.0.3 (#682)

- API update only
 - Throw UnsupportedOperationException
 - Disable activemq-camel from build
 - Formatting fixes
 - Use geronimo-jms for osgi-related artifacts
 - Fix features.xml invalid xml header
 - Add a unit test to confirm JMS 2.0 methods for phase 1 (throw UnsupportedOperationException)
 - Add deliveryTime field to Message
 - Minor formatting fixes",183,198,1.61205161975792,1.6120516288674704,63
ead9533d5300fb2b5c48cfe70ef8b8fd84f46feb,2022-09-02 08:21:11-05:00,2022-09-02 08:21:11-05:00,activemq-client/src/main/java/org/apache/activemq/ActiveMQConnectionFactory.java,1334,1334,"[AMQ-8322] JMS2 Implementation - JMSContext, JMSProducer, JMSConsumer first pass (#729)",183,198,1.6126924960596714,1.612692505019164,63
7fae1b98e760ba2e35d049d40fa761c5248f5bc1,2024-03-04 13:15:08+01:00,2024-03-03 17:53:26+01:00,activemq-client/src/main/java/org/apache/activemq/ActiveMQConnectionFactory.java,1338,1338,AMQ-9419: Implement createContext(int sessionMode) method,183,198,1.61289145455958,1.6128914654545135,63
7c81d73d8a04cad9407e58edf53a1d28a6fed370,2024-09-25 10:46:56-05:00,2024-09-03 10:01:40-05:00,activemq-client/src/main/java/org/apache/activemq/ActiveMQConnectionFactory.java,1318,1318,[AMQ-9563] Remove usage of java.security.AccessController where possible. Document JDK 21 refactor TODO,183,195,1.5905218729498056,1.590521887013773,63
